window-start	window-end	count	objective-value	total-frac-bound	guide-set-expected-activity	guide-set-median-activity	guide-set-5th-pctile-activity	guide-expected-activities	target-sequences	target-sequence-positions
357	385	1	2.647107005	1	2.647107005	2.647107005	2.647107005	2.647107005	TGGAGACTCCGTGGAGGAGGTCTTATCA	{357}
501	529	1	1.993265867	1	1.993265867	1.993265867	1.993265867	1.993265867	ACCTCATGGTCATGTTATGGTTGAGCTG	{501}
1372	1400	1	2.419398904	1	2.419398904	2.419398904	2.419398904	2.419398904	TGTCCAGCATGTCACAATTCAGAAGTAG	{1372}
1486	1514	1	3.032672644	1	3.032672644	3.032672644	3.032672644	3.032672644	GGCTGTGTGTTCTCTTATGTTGGTTGCC	{1486}
1536	1564	1	3.211676776	1	3.211676776	3.211676776	3.211676776	3.211676776	TCCACGTGCTAGCGCTAACATAGGTTGT	{1536}
2430	2458	1	3.480836093	1	3.480836093	3.480836093	3.480836093	3.480836093	ATCCAGAGAAGAAACTGGCCTACTCATG	{2430}
2605	2633	1	3.099083066	1	3.099083066	3.099083066	3.099083066	3.099083066	ACACCAGTTTGTATTAACGGGCTTATGT	{2605}
2617	2645	1	2.981780648	1	2.981780648	2.981780648	2.981780648	2.981780648	ATTAACGGGCTTATGTTGCTCGAAATCA	{2617}
2857	2885	1	3.063357115	1	3.063357115	3.063357115	3.063357115	3.063357115	GGTACAGAAGTAAATGAGTTCGCCTGTG	{2857}
3556	3584	1	2.363011003	1	2.363011003	2.363011003	2.363011003	2.363011003	AAAGTGGGTGGTAGTTGTGTTTTAAGCG	{3556}
3768	3796	1	3.29202038	1	3.29202038	3.29202038	3.29202038	3.29202038	TGTTCGCACAAATGTCTACTTAGCTGTC	{3768}
4414	4442	1	3.10818392	1	3.10818392	3.10818392	3.10818392	3.10818392	GAAACACGCAAATTAATGCCTGTCTGTG	{4414}
5134	5162	1	3.006646872	1	3.006646872	3.006646872	3.006646872	3.006646872	GATGACACTCTACGTGTTGAGGCTTTTG	{5134}
5452	5480	1	2.929640651	1	2.929640651	2.929640651	2.929640651	2.929640651	GAAACAATGAGTTACTTGTTTCAACATG	{5452}
6021	6049	1	2.957329035	1	2.957329035	2.957329035	2.957329035	2.957329035	ATATCCAAACGCAAGCTTCGATAATTTT	{6021}
6112	6140	1	3.346841931	1	3.346841931	3.346841931	3.346841931	3.346841931	CCTGCTTCAAGAGAGCTTAAAGTTACAT	{6112}
6114	6142	1	3.177400351	1	3.177400351	3.177400351	3.177400351	3.177400351	TGCTTCAAGAGAGCTTAAAGTTACATTT	{6114}
6118	6146	1	3.246760845	1	3.246760845	3.246760845	3.246760845	3.246760845	TCAAGAGAGCTTAAAGTTACATTTTTCC	{6118}
6273	6301	1	3.028785825	1	3.028785825	3.028785825	3.028785825	3.028785825	TAAACCAAATACCTGGTGTATACGTTGT	{6273}
6321	6349	1	3.278320372	1	3.278320372	3.278320372	3.278320372	3.278320372	TGAAACATCAAATTCGTTTGATGTACTG	{6321}
6492	6520	1	3.232546151	1	3.232546151	3.232546151	3.232546151	3.232546151	ACTTAAACCAGCAAATAATAGTTTAAAA	{6492}
6874	6902	1	3.044535398	1	3.044535398	3.044535398	3.044535398	3.044535398	AAGAGTGTCGGTAAATTTTGTCTAGAGG	{6874}
7252	7280	1	3.183329642	1	3.183329642	3.183329642	3.183329642	3.183329642	GCATATATTCTTTTCACTAGGTTTTTCT	{7252}
7711	7739	1	3.139890492	1	3.139890492	3.139890492	3.139890492	3.139890492	CCTACTGACCAGTCTTCTTACATCGTTG	{7711}
7712	7740	1	3.371549726	1	3.371549726	3.371549726	3.371549726	3.371549726	CTACTGACCAGTCTTCTTACATCGTTGA	{7712}
7718	7746	1	3.227792203	1	3.227792203	3.227792203	3.227792203	3.227792203	ACCAGTCTTCTTACATCGTTGATAGTGT	{7718}
7722	7750	1	2.508049846	1	2.508049846	2.508049846	2.508049846	2.508049846	GTCTTCTTACATCGTTGATAGTGTTACA	{7722}
8901	8929	1	3.032309413	1	3.032309413	3.032309413	3.032309413	3.032309413	TGACTTTTTGCATTTCTTACCTAGAGTT	{8901}
8956	8984	1	3.255987346	1	3.255987346	3.255987346	3.255987346	3.255987346	ACACCATCAAAACTTATAGAGTACACTG	{8956}
9084	9112	1	3.36637634	1	3.36637634	3.36637634	3.36637634	3.36637634	AGGTTCTGTTGCTTATGAAAGTTTACGC	{9084}
9617	9645	1	2.245867252	1	2.245867252	2.245867252	2.245867252	2.245867252	ATGATGTTTCTTTTTTAGCACATATTCA	{9617}
9628	9656	1	2.821073294	1	2.821073294	2.821073294	2.821073294	2.821073294	TTTTTAGCACATATTCAGTGGATGGTTA	{9628}
9665	9693	1	3.226317286	1	3.226317286	3.226317286	3.226317286	3.226317286	CTTTAGTACCTTTCTGGATAACAATTGC	{9665}
9670	9698	1	3.203477442	1	3.203477442	3.203477442	3.203477442	3.203477442	GTACCTTTCTGGATAACAATTGCTTATA	{9670}
9679	9707	1	3.284960985	1	3.284960985	3.284960985	3.284960985	3.284960985	TGGATAACAATTGCTTATATCATTTGTA	{9679}
9684	9712	1	3.265061855	1	3.265061855	3.265061855	3.265061855	3.265061855	AACAATTGCTTATATCATTTGTATTTCC	{9684}
9944	9972	1	2.42702353	1	2.42702353	2.42702353	2.42702353	2.42702353	GAGAAGCTGCTTGTTGTCATCTCGCAAA	{9944}
9954	9982	1	2.436171055	1	2.436171055	2.436171055	2.436171055	2.436171055	TTGTTGTCATCTCGCAAAGGCTCTCAAT	{9954}
10135	10163	1	3.345102906	1	3.345102906	3.345102906	3.345102906	3.345102906	AACGGTCTTTGGCTTGATGACGTAGTTT	{10135}
10146	10174	1	3.137975693	1	3.137975693	3.137975693	3.137975693	3.137975693	GCTTGATGACGTAGTTTACTGTCCAAGA	{10146}
10179	10207	1	3.20474726	1	3.20474726	3.20474726	3.20474726	3.20474726	GATCTGCACCTCTGAAGACATGCTTAAC	{10179}
10305	10333	1	2.75459969	1	2.75459969	2.75459969	2.75459969	2.75459969	TTGTGTACTTAAGCTTAAGGTTGATACA	{10305}
10495	10523	1	3.384743392	1	3.384743392	3.384743392	3.384743392	3.384743392	GTTGGTTTTAACATAGATTATGACTGTG	{10495}
10508	10536	1	3.226953089	1	3.226953089	3.226953089	3.226953089	3.226953089	TAGATTATGACTGTGTCTCTTTTTGTTA	{10508}
10515	10543	1	3.222913444	1	3.222913444	3.222913444	3.222913444	3.222913444	TGACTGTGTCTCTTTTTGTTACATGCAC	{10515}
10690	10718	1	2.676951647	1	2.676951647	2.676951647	2.676951647	2.676951647	ATAAATGGAGACAGGTGGTTTCTCAATC	{10690}
11042	11070	1	2.623789549	1	2.623789549	2.623789549	2.623789549	2.623789549	TTTTAGTCCAGAGTACTCAATGGTCTTT	{11042}
12598	12626	1	3.300581515	1	3.300581515	3.300581515	3.300581515	3.300581515	AGTGAAATTAGTATGGACAATTCACCTA	{12598}
14242	14270	1	3.283124983	1	3.283124983	3.283124983	3.283124983	3.283124983	GGGATTTGTTAAAATATGACTTCACGGA	{14242}
16411	16439	1	2.825122237	1	2.825122237	2.825122237	2.825122237	2.825122237	ATGTGACTCAACTTTACTTAGGAGGTAT	{16411}
17649	17677	1	2.932522655	1	2.932522655	2.932522655	2.932522655	2.932522655	TTTAAAATGTTTTATAAGGGTGTTATCA	{17649}
18043	18071	1	3.074648499	1	3.074648499	3.074648499	3.074648499	3.074648499	AAAATGTAACAGGACTCTTTAAAGATTG	{18043}
18263	18291	1	2.678023577	1	2.678023577	2.678023577	2.678023577	2.678023577	CCGCGAAGAAGCTATAAGACATGTACGT	{18263}
18320	18348	1	3.314001799	1	3.314001799	3.314001799	3.314001799	3.314001799	TCATGCTACTAGAGAAGCTGTTGGTACC	{18320}
18451	18479	1	3.111025989	1	3.111025989	3.111025989	3.111025989	3.111025989	CTAAACCACCGCCTGGAGATCAATTTAA	{18451}
18597	18625	1	2.935575724	1	2.935575724	2.935575724	2.935575724	2.935575724	GCACATGGCTTTGAGTTGACATCTATGA	{18597}
18807	18835	1	3.273423493	1	3.273423493	3.273423493	3.273423493	3.273423493	CATGATCTGTATTGTCAAGTCCATGGTA	{18807}
19160	19188	1	3.221407354	1	3.221407354	3.221407354	3.221407354	3.221407354	TGACAAATTCACAGATGGTGTATGCCTA	{19160}
20091	20119	1	3.026177645	1	3.026177645	3.026177645	3.026177645	3.026177645	AAACAAGCTAGTCTTAATGGAGTCACAT	{20091}
20225	20253	1	2.426188946	1	2.426188946	2.426188946	2.426188946	2.426188946	ATTTAAACCCAGGAGTCAAATGGAAATT	{20225}
20707	20735	1	3.279200971	1	3.279200971	3.279200971	3.279200971	3.279200971	TGCAAAGAATGCTATTAGAAAAGTGTGA	{20707}
20835	20863	1	3.149513721	1	3.149513721	3.149513721	3.149513721	3.149513721	GCTGTACCCTATAATATGAGAGTTATAC	{20835}
20837	20865	1	3.061277807	1	3.061277807	3.061277807	3.061277807	3.061277807	TGTACCCTATAATATGAGAGTTATACAT	{20837}
21582	21610	1	3.05612582	1	3.05612582	3.05612582	3.05612582	3.05612582	ATTGCCACTAGTCTCTAGTCAGTGTGTT	{21582}
21586	21614	1	3.204959989	1	3.204959989	3.204959989	3.204959989	3.204959989	CCACTAGTCTCTAGTCAGTGTGTTAATC	{21586}
21591	21619	1	3.285748124	1	3.285748124	3.285748124	3.285748124	3.285748124	AGTCTCTAGTCAGTGTGTTAATCTTACA	{21591}
21638	21666	1	3.030067205	1	3.030067205	3.030067205	3.030067205	3.030067205	CTGCATACACTAATTCTTTCACACGTGG	{21638}
21684	21712	1	3.270108104	1	3.270108104	3.270108104	3.270108104	3.270108104	AGTTTTCAGATCCTCAGTTTTACATTCA	{21684}
21734	21762	1	3.425580144	1	3.425580144	3.425580144	3.425580144	3.425580144	TCTTTTCCAATGTTACTTGGTTCCATGC	{21734}
21739	21767	1	3.237205446	1	3.237205446	3.237205446	3.237205446	3.237205446	TCCAATGTTACTTGGTTCCATGCTATAC	{21739}
21740	21768	1	3.020022929	1	3.020022929	3.020022929	3.020022929	3.020022929	CCAATGTTACTTGGTTCCATGCTATACA	{21740}
22185	22213	1	3.329734683	1	3.329734683	3.329734683	3.329734683	3.329734683	GCCTATTAATTTAGTGCGTGATCTCCCT	{22185}
22650	22678	1	3.062715352	1	3.062715352	3.062715352	3.062715352	3.062715352	TGATTATTCTGTCCTATATAATTCCGCA	{22650}
22912	22940	1	3.048129678	1	3.048129678	3.048129678	3.048129678	3.048129678	TACCTGTATAGATTGTTTAGGAAGTCTA	{22912}
23004	23032	1	3.143297613	1	3.143297613	3.143297613	3.143297613	3.143297613	TGGTGTTGAAGGTTTTAATTGTTACTTT	{23004}
23176	23204	1	2.637221932	1	2.637221932	2.637221932	2.637221932	2.637221932	GTCAATTTCAACTTCAATGGTTTAACAG	{23176}
23197	23225	1	3.135946333	1	3.135946333	3.135946333	3.135946333	3.135946333	TTAACAGGCACAGGTGTTCTTACTGAGT	{23197}
23205	23233	1	2.917684793	1	2.917684793	2.917684793	2.917684793	2.917684793	CACAGGTGTTCTTACTGAGTCTAACAAA	{23205}
23409	23437	1	2.71104455	1	2.71104455	2.71104455	2.71104455	2.71104455	CTGCACAGAAGTCCCTGTTGCTATTCAT	{23409}
23431	23459	1	2.727089524	1	2.727089524	2.727089524	2.727089524	2.727089524	ATTCATGCAGATCAACTTACTCCTACTT	{23431}
23452	23480	1	2.866355777	1	2.866355777	2.866355777	2.866355777	2.866355777	CCTACTTGGCGTGTTTATTCTACAGGTT	{23452}
23603	23631	1	3.340441585	1	3.340441585	3.340441585	3.340441585	3.340441585	CTCGGCGGGCACGTAGTGTAGCTAGTCA	{23603}
23607	23635	1	3.237055063	1	3.237055063	3.237055063	3.237055063	3.237055063	GCGGGCACGTAGTGTAGCTAGTCAATCC	{23607}
23611	23639	1	3.353425562	1	3.353425562	3.353425562	3.353425562	3.353425562	GCACGTAGTGTAGCTAGTCAATCCATCA	{23611}
23824	23852	1	3.374541998	1	3.374541998	3.374541998	3.374541998	3.374541998	CAATATGGCAGTTTTTGTACACAATTAA	{23824}
24115	24143	1	3.330365539	1	3.330365539	3.330365539	3.330365539	3.330365539	GCACAAAAGTTTAACGGCCTTACTGTTT	{24115}
25397	25425	1	3.391657472	1	3.391657472	3.391657472	3.391657472	3.391657472	TTTGTTTATGAGAATCTTCACAATTGGA	{25397}
25697	25725	1	2.324648023	1	2.324648023	2.324648023	2.324648023	2.324648023	AGCCCCTTTTCTCTATCTTTATGCTTTA	{25697}
25700	25728	1	3.107713223	1	3.107713223	3.107713223	3.107713223	3.107713223	CCCTTTTCTCTATCTTTATGCTTTAGTC	{25700}
25706	25734	1	3.384723127	1	3.384723127	3.384723127	3.384723127	3.384723127	TCTCTATCTTTATGCTTTAGTCTACTTC	{25706}
26680	26708	1	2.573270321	1	2.573270321	2.573270321	2.573270321	2.573270321	CCTCTGGCTGTTATGGCCAGTAACTTTA	{26680}
26729	26757	1	2.461424232	1	2.461424232	2.461424232	2.461424232	2.461424232	GTTTACAGAATAAATTGGATCACCGGTG	{26729}
27902	27930	1	3.425210834	1	3.425210834	3.425210834	3.425210834	3.425210834	CTTGTTTTCTTAGGAATCATCACAACTG	{27902}
28361	28389	1	3.167789936	1	3.167789936	3.167789936	3.167789936	3.167789936	GAGAACGCAGTGGGGCGCGATCAAAACA	{28361}
29063	29091	1	3.245311737	1	3.245311737	3.245311737	3.245311737	3.245311737	CCACTAAAGCATACAATGTAACACAAGC	{29063}
29261	29289	1	2.555961609	1	2.555961609	2.555961609	2.555961609	2.555961609	GGTTGACCTACACAGGTGCCATCAAATT	{29261}
