"position","variant"
99,1
100,1
190,1
191,1
192,1
193,1
194,1
195,1
196,1
197,1
198,1
199,1
200,1
201,1
202,1
203,1
204,1
205,1
207,1
208,1
209,1
216,1
237,1
238,2
239,1
241,299
246,1
247,1
260,1
273,1
277,1
278,1
280,1
281,1
286,2
295,1
307,1
308,1
309,1
310,2
311,1
312,1
313,1
314,1
315,2
316,1
317,1
318,1
319,1
320,1
321,2
322,2
323,3
324,2
325,2
326,2
327,2
328,2
329,2
330,2
331,3
332,2
333,2
334,2
335,2
336,2
337,3
338,3
339,3
340,3
341,3
342,3
435,1
473,1
474,1
475,1
476,1
477,1
478,1
479,1
480,1
481,1
482,1
483,1
484,1
485,1
486,1
487,1
488,1
489,1
490,1
491,1
492,1
493,1
494,1
495,1
496,1
497,1
498,1
499,1
500,1
501,1
502,1
503,1
504,1
505,1
506,1
507,1
508,3
509,3
510,3
511,3
512,4
513,4
514,4
515,4
516,4
517,4
518,4
519,4
520,4
521,3
522,3
523,1
524,1
525,1
526,1
527,1
528,1
529,1
530,1
531,1
532,1
533,1
534,1
535,1
536,1
537,1
538,1
539,1
540,1
541,1
542,1
543,1
544,1
545,1
546,1
547,1
548,1
549,1
550,1
551,1
552,1
553,1
554,1
555,1
556,1
557,1
558,1
559,1
560,1
561,1
562,1
599,1
677,1
686,1
687,1
688,1
689,1
690,2
691,1
692,1
693,1
694,1
803,1
884,1
942,1
976,1
1067,1
1166,1
1167,1
1168,1
1169,1
1170,1
1171,1
1172,1
1173,1
1174,1
1175,1
1176,1
1177,1
1178,1
1179,1
1180,1
1181,1
1182,1
1183,1
1184,1
1185,1
1186,1
1187,1
1188,1
1189,1
1190,2
1191,1
1192,1
1193,1
1194,1
1195,1
1196,1
1197,1
1198,1
1199,1
1200,1
1201,1
1202,1
1203,1
1204,1
1205,1
1206,1
1207,1
1208,1
1209,1
1210,1
1211,1
1212,1
1213,1
1214,1
1215,1
1381,2
1417,1
1590,2
1591,1
1623,1
1624,1
1625,1
1626,1
1627,1
1628,1
1629,2
1630,1
1631,1
1632,1
1633,1
1634,1
1635,1
1636,1
1637,1
1638,1
1639,1
1640,1
1641,1
1642,1
1643,1
1644,1
1645,1
1646,1
1647,1
1648,1
1649,1
1650,1
1651,1
1652,1
1653,1
1654,1
1655,1
1656,1
1657,1
1658,1
1659,1
1660,1
1661,1
1662,1
1663,1
1664,1
1665,1
1666,1
1667,1
1668,1
1669,1
1670,1
1671,1
1672,1
1673,1
1674,1
1675,1
1676,1
1677,2
1678,1
1679,1
1680,1
1681,1
1682,1
1683,1
1684,1
1685,1
1686,1
1687,1
1688,1
1689,1
1690,1
1691,1
1692,1
1693,1
1694,1
1695,1
1696,1
1697,1
1698,1
1699,1
1700,1
1701,1
1702,1
1703,1
1704,1
1705,1
1706,1
1707,1
1708,1
1709,1
1710,1
1711,1
1712,1
1713,1
1714,1
1715,1
1716,1
1717,1
1718,1
1719,1
1720,1
1721,1
1722,1
1723,1
1724,1
1725,1
1726,1
1727,1
1728,1
1729,1
1730,2
1731,2
1732,1
1733,1
1734,1
1735,1
1736,1
1737,1
1738,1
1739,1
1740,1
1741,1
1742,1
1743,1
1744,1
1745,1
1746,1
1747,2
1748,1
1749,1
1750,1
1751,1
1752,1
1753,1
1754,1
1755,1
1756,1
1757,1
1758,1
1759,1
1760,1
1814,1
1912,2
1947,2
1957,5
2019,2
2078,1
2079,1
2080,1
2081,1
2082,1
2083,1
2084,1
2085,1
2086,1
2087,1
2088,1
2089,1
2090,1
2091,1
2092,1
2093,1
2094,1
2095,1
2096,1
2097,1
2098,1
2099,1
2100,1
2101,1
2102,1
2103,1
2104,1
2105,1
2106,1
2107,1
2108,1
2109,1
2110,1
2111,1
2112,1
2113,1
2114,1
2115,1
2116,1
2117,1
2118,1
2119,1
2120,1
2121,1
2122,1
2123,1
2124,1
2125,1
2126,1
2127,1
2128,1
2129,1
2130,1
2131,1
2132,1
2133,1
2134,1
2135,1
2136,1
2137,1
2138,1
2139,1
2140,1
2141,1
2142,1
2143,1
2144,1
2145,1
2146,1
2147,1
2148,1
2149,1
2150,1
2151,1
2152,1
2153,1
2154,1
2155,1
2156,1
2157,1
2158,1
2159,1
2160,1
2161,2
2162,2
2163,1
2164,1
2165,1
2166,1
2167,1
2168,1
2169,1
2170,1
2171,1
2172,1
2173,1
2174,1
2175,1
2176,1
2177,1
2178,1
2179,1
2180,1
2181,1
2182,1
2183,2
2184,1
2185,1
2186,1
2187,1
2188,1
2189,2
2190,2
2191,2
2192,1
2193,1
2194,1
2195,2
2196,1
2197,1
2198,4
2199,1
2200,1
2201,1
2202,1
2203,1
2204,1
2205,1
2235,1
2236,1
2470,17
2494,1
2557,1
2695,1
2751,1
2825,1
2826,1
2827,1
2828,1
2829,1
2830,1
2831,1
2832,307
2833,1
2834,1
2835,1
2836,1
2837,1
2838,1
2839,1
2840,1
2841,1
2842,1
2843,1
2844,1
2845,1
2846,1
2847,1
2848,1
2849,1
2850,1
2851,1
2852,1
2853,1
2854,1
2855,1
2856,1
2857,1
2858,1
2859,1
2860,1
2861,1
2862,1
2863,1
2864,1
2865,1
2866,1
2867,1
2868,1
2869,1
2870,1
2871,1
2872,1
2873,1
2874,1
2875,1
2876,1
2877,1
2878,1
2879,1
2880,1
2881,1
2882,1
2883,1
2884,1
2885,1
2886,1
2887,1
2888,1
2889,1
2890,1
2891,1
2892,1
2893,1
2894,1
2895,1
2896,1
2897,1
2898,1
2899,1
2900,1
2901,1
2902,1
2903,1
2904,1
2905,1
2906,1
2907,1
2908,1
2909,1
2910,1
2911,1
2912,1
2913,1
3000,1
3001,1
3002,1
3003,1
3004,1
3005,1
3006,1
3007,1
3008,1
3009,1
3010,1
3011,1
3012,1
3013,1
3014,1
3015,1
3016,1
3017,1
3018,1
3019,1
3020,1
3021,1
3022,1
3023,1
3024,1
3025,1
3026,1
3027,1
3028,1
3029,1
3030,1
3031,1
3032,1
3033,2
3034,2
3035,2
3036,2
3037,309
3038,2
3039,2
3040,2
3041,2
3042,2
3043,2
3044,2
3045,2
3046,2
3047,2
3048,2
3049,2
3050,2
3051,2
3052,3
3053,2
3054,2
3055,2
3056,2
3057,2
3058,2
3059,2
3060,2
3061,2
3062,2
3063,2
3064,2
3065,2
3066,2
3067,2
3068,2
3069,2
3070,2
3071,2
3072,2
3073,2
3074,2
3075,2
3076,2
3077,2
3078,2
3079,2
3080,2
3081,2
3082,2
3083,2
3084,2
3085,2
3086,2
3087,2
3088,2
3089,2
3090,2
3091,2
3092,2
3093,2
3094,2
3095,2
3096,2
3097,2
3098,2
3099,3
3100,2
3101,2
3102,2
3103,2
3104,2
3105,2
3106,2
3107,2
3108,2
3109,2
3110,2
3111,2
3112,2
3113,2
3114,2
3115,2
3116,2
3117,2
3118,2
3119,2
3120,2
3121,2
3122,2
3123,2
3124,2
3125,2
3126,2
3127,2
3128,2
3129,2
3130,2
3131,3
3132,2
3133,2
3134,2
3135,2
3136,2
3137,2
3138,2
3139,3
3140,2
3141,2
3142,2
3143,2
3144,2
3145,4
3146,2
3147,2
3148,2
3149,2
3150,2
3151,2
3152,2
3153,2
3154,2
3155,2
3156,2
3157,2
3158,2
3159,2
3160,2
3161,2
3162,2
3163,1
3164,1
3165,1
3166,1
3193,1
3241,3
3319,1
3369,1
3413,1
3507,2
3508,2
3509,2
3510,2
3511,2
3512,2
3513,2
3514,2
3515,2
3516,1
3517,1
3518,1
3519,1
3591,1
3621,1
3656,1
3756,1
3758,1
3759,1
3760,1
3761,1
3762,2
3763,2
3764,2
3765,2
3766,1
3767,1
3768,1
3769,2
3770,3
3771,3
3772,3
3773,3
3774,3
3775,3
3776,3
3777,3
3778,3
3779,2
3780,2
3781,2
3782,2
3783,2
3784,2
3785,2
3786,2
3787,2
3788,2
3789,2
3790,3
3791,3
3792,3
3793,3
3794,3
3795,3
3796,1
3797,1
3798,1
3799,1
3800,1
3801,1
3802,1
3803,1
3804,1
3805,1
3806,1
3807,1
3808,1
3809,1
3810,1
3811,1
3812,1
3813,1
3814,1
3815,1
3816,1
3817,2
3818,1
3819,1
3820,1
3821,1
3822,1
3823,1
3824,1
3825,1
3826,1
3827,2
3828,4
3829,2
3830,2
3831,2
3832,2
3833,2
3834,2
3835,2
3836,2
3837,2
3838,2
3839,2
3840,2
3841,2
3842,2
3843,2
3844,2
3845,2
3846,2
3847,2
3848,2
3849,2
3850,2
3851,2
3852,2
3853,2
3854,2
3855,1
3877,1
3985,1
3986,1
3987,1
3988,1
3989,1
3990,1
3991,1
3992,1
3993,1
3994,1
3995,1
3996,1
3997,1
4175,1
4255,1
4304,1
4313,1
4367,1
4370,1
4383,1
4494,1
4571,1
4632,1
4634,1
4640,1
4643,1
4644,1
4645,1
4646,1
4647,2
4648,1
4649,2
4650,1
4651,2
4652,2
4653,2
4654,2
4655,2
4656,2
4657,2
4658,2
4666,3
4667,2
4668,1
4669,1
4670,1
4671,1
4672,1
4673,1
4674,1
4675,1
4676,1
4677,1
4678,1
4679,1
4680,1
4681,1
4682,1
4689,1
4795,1
5003,1
5025,1
5100,1
5110,1
5171,1
5179,1
5180,1
5181,1
5182,1
5183,1
5184,1
5185,1
5186,1
5187,1
5188,1
5189,1
5190,1
5191,1
5192,1
5193,1
5194,1
5195,1
5196,1
5197,1
5198,1
5199,1
5200,1
5201,1
5202,1
5203,1
5204,1
5205,1
5206,1
5207,1
5208,1
5209,1
5210,1
5211,1
5212,1
5213,1
5214,1
5215,1
5216,1
5217,1
5218,1
5219,1
5220,1
5221,1
5222,1
5223,1
5224,1
5225,2
5226,1
5227,1
5228,1
5229,1
5230,1
5231,1
5232,1
5233,1
5234,1
5235,1
5236,1
5237,1
5238,1
5239,1
5240,1
5241,1
5242,1
5243,1
5244,1
5263,1
5264,1
5265,1
5266,1
5267,1
5268,1
5269,1
5270,1
5271,1
5272,1
5273,1
5274,1
5275,1
5276,1
5277,1
5278,1
5279,1
5280,1
5281,1
5282,1
5283,1
5284,1
5285,1
5286,1
5287,1
5305,6
5323,1
5327,1
5386,300
5393,1
5497,1
5498,1
5499,1
5500,1
5501,1
5502,1
5503,1
5504,1
5505,1
5506,1
5507,1
5508,1
5509,1
5510,1
5511,1
5512,1
5513,1
5514,1
5515,2
5516,1
5517,1
5518,1
5519,1
5520,1
5521,1
5522,1
5523,1
5524,1
5568,1
5569,1
5570,1
5571,1
5572,1
5573,1
5574,1
5575,1
5576,1
5577,1
5578,1
5579,1
5580,1
5581,1
5582,1
5583,1
5584,1
5585,2
5586,2
5587,1
5588,1
5589,1
5590,1
5591,1
5592,1
5593,1
5594,1
5595,1
5596,1
5597,1
5598,1
5599,1
5600,1
5601,1
5602,1
5603,1
5604,1
5605,1
5606,1
5607,1
5608,1
5609,1
5610,1
5611,1
5612,1
5613,1
5614,1
5615,1
5616,1
5617,1
5618,1
5619,1
5620,1
5621,1
5622,2
5623,1
5624,1
5645,1
5673,1
5674,2
5675,1
5676,1
5677,1
5678,1
5696,1
5697,1
5698,1
5699,1
5700,1
5701,1
5702,1
5703,1
5730,23
5924,37
5938,1
5940,1
5979,1
6014,1
6015,1
6016,1
6017,1
6018,1
6019,1
6020,1
6021,1
6022,1
6023,1
6024,1
6025,1
6026,1
6027,1
6028,1
6029,1
6030,1
6031,1
6032,1
6033,1
6034,1
6035,1
6036,1
6037,1
6038,1
6039,1
6040,1
6041,1
6042,1
6043,1
6044,1
6045,1
6046,1
6047,1
6048,1
6049,1
6050,1
6051,1
6052,1
6053,1
6054,1
6055,1
6056,1
6057,1
6058,1
6059,1
6060,1
6061,1
6062,1
6063,1
6064,1
6065,1
6066,1
6067,1
6068,1
6069,1
6070,1
6071,1
6072,1
6073,1
6078,1
6167,2
6185,1
6186,1
6187,1
6188,1
6189,1
6190,1
6191,1
6192,1
6193,1
6194,1
6195,1
6196,1
6197,1
6248,1
6249,1
6250,1
6251,1
6252,1
6253,1
6254,1
6255,2
6256,1
6257,1
6258,1
6259,1
6260,1
6261,1
6262,1
6263,1
6264,1
6265,1
6266,1
6267,1
6268,1
6269,1
6270,1
6271,1
6272,1
6273,1
6274,1
6275,1
6276,1
6277,1
6278,1
6279,1
6280,1
6281,1
6282,1
6283,1
6284,1
6285,1
6286,1
6287,1
6288,1
6289,1
6290,1
6291,1
6292,1
6293,1
6294,1
6295,1
6296,1
6297,1
6298,1
6299,1
6300,1
6301,1
6302,1
6303,1
6304,1
6305,1
6306,1
6307,1
6308,1
6309,2
6310,2
6311,2
6312,2
6313,2
6314,2
6315,2
6316,2
6317,2
6318,2
6319,2
6320,2
6321,2
6322,2
6323,2
6324,2
6325,2
6326,2
6327,2
6328,2
6329,2
6330,2
6331,2
6332,2
6333,2
6334,2
6335,2
6336,2
6337,2
6338,2
6339,2
6340,2
6341,2
6342,1
6343,1
6344,1
6345,1
6346,1
6347,1
6348,1
6349,1
6350,1
6351,1
6352,1
6353,1
6354,1
6355,6
6356,6
6357,6
6358,6
6359,6
6360,7
6361,7
6362,7
6363,7
6364,7
6365,7
6366,7
6367,6
6368,7
6369,9
6370,9
6371,9
6372,9
6373,4
6374,4
6375,4
6376,6
6377,5
6378,6
6379,5
6380,5
6381,5
6382,4
6383,4
6384,4
6385,4
6386,4
6387,3
6388,3
6389,3
6390,3
6391,3
6392,3
6393,3
6394,3
6395,3
6396,3
6397,3
6398,3
6399,3
6400,3
6401,3
6402,3
6403,3
6404,3
6405,2
6406,2
6407,2
6408,2
6409,2
6410,2
6411,2
6412,2
6413,2
6414,2
6415,2
6416,2
6417,2
6418,2
6419,2
6420,2
6421,2
6422,2
6423,3
6424,3
6425,3
6426,3
6427,3
6428,3
6429,3
6430,3
6431,3
6432,3
6433,3
6434,3
6435,3
6436,3
6437,3
6438,3
6439,3
6440,2
6441,2
6442,2
6443,2
6444,2
6445,2
6446,2
6447,2
6448,2
6449,2
6450,2
6451,2
6452,2
6453,2
6454,2
6455,2
6456,2
6457,2
6458,2
6459,2
6460,2
6461,2
6462,2
6463,2
6464,2
6465,2
6466,2
6467,2
6468,2
6469,2
6470,2
6471,2
6472,2
6473,2
6474,2
6475,2
6476,2
6477,2
6478,2
6479,2
6480,2
6481,2
6482,2
6483,3
6484,3
6485,1
6486,1
6487,1
6488,1
6489,1
6490,1
6491,1
6492,1
6493,1
6494,1
6495,2
6496,1
6497,1
6498,1
6499,1
6500,1
6501,1
6502,1
6503,1
6504,1
6505,1
6506,1
6507,1
6513,307
6514,307
6515,307
6573,1
6574,1
6575,1
6576,1
6577,1
6578,1
6579,1
6580,1
6581,1
6582,1
6583,1
6584,1
6585,1
6586,1
6587,1
6588,1
6589,1
6590,1
6591,1
6713,1
6753,1
6845,1
6846,1
6847,1
6848,1
6849,1
6850,1
6851,1
6852,1
6853,1
6854,1
6855,1
6856,1
6857,1
6858,1
6859,1
6860,2
6861,2
6862,2
6863,2
6864,2
6865,2
6866,2
6867,2
6868,2
6869,1
6870,1
6871,1
6872,1
6873,1
6874,1
6875,1
6876,1
6877,1
6878,1
6879,1
6880,1
6881,1
6882,2
6883,3
6884,3
6885,3
6886,3
6887,3
6888,3
6889,3
6890,3
6891,3
6892,3
6893,3
6894,3
6895,3
6896,3
6897,3
6898,3
6899,3
6900,3
6901,3
6902,3
6903,3
6904,3
6905,3
6906,3
6907,3
6908,3
6909,3
6910,3
6911,3
6912,3
6913,3
6914,3
6915,3
6916,3
6917,3
6918,3
6919,3
6920,3
6921,3
6922,3
6923,3
6924,3
6925,3
6926,3
6927,3
6928,3
6929,3
6930,3
6931,3
6932,3
6933,3
6934,3
6935,3
6936,3
6937,3
6938,3
6939,3
6940,3
6941,3
6942,3
6943,3
6944,3
6945,3
6946,3
6947,3
6948,3
6949,3
6950,3
6951,3
6952,3
6953,3
6954,3
6955,3
6956,3
6957,3
6958,3
6959,3
6960,3
6961,3
6962,4
6963,3
6964,3
6965,3
6966,3
6967,3
6968,2
6969,2
6970,2
6971,2
6972,2
6973,2
6974,2
6975,2
6976,2
6977,2
6978,2
6979,2
6980,2
6981,2
6982,2
6983,2
6984,2
6985,2
6986,2
6987,2
6988,2
6989,2
6990,2
6991,2
6992,2
6993,2
6994,2
6995,2
6996,2
6997,2
6998,2
6999,2
7000,2
7001,2
7002,2
7003,2
7004,2
7005,2
7006,2
7007,2
7008,2
7009,2
7010,2
7011,2
7012,2
7013,2
7014,2
7015,2
7016,2
7017,2
7018,2
7019,2
7020,2
7021,2
7022,2
7023,2
7024,2
7025,2
7026,2
7027,2
7028,2
7029,2
7030,2
7031,2
7032,2
7033,2
7034,2
7035,2
7036,2
7037,2
7038,2
7039,2
7040,2
7041,2
7042,2
7043,2
7044,2
7045,2
7046,2
7047,2
7048,2
7049,2
7050,2
7051,2
7052,2
7053,2
7054,2
7055,2
7056,2
7057,1
7058,1
7059,1
7060,1
7061,1
7062,1
7065,1
7066,1
7067,1
7068,1
7069,1
7070,1
7071,1
7072,1
7073,1
7074,1
7075,1
7076,1
7077,1
7078,1
7079,1
7080,1
7081,1
7082,1
7083,1
7084,1
7085,1
7086,1
7087,1
7088,1
7089,1
7090,1
7091,1
7092,5
7093,5
7094,4
7095,4
7096,5
7097,4
7098,4
7099,4
7100,4
7101,5
7102,5
7103,5
7104,4
7105,4
7106,4
7107,3
7108,4
7109,3
7110,3
7111,3
7112,3
7113,3
7114,3
7115,3
7116,3
7117,3
7118,4
7119,3
7120,3
7121,3
7122,4
7123,3
7124,3
7125,3
7126,3
7127,3
7128,3
7129,3
7130,3
7131,3
7132,3
7133,3
7134,4
7135,2
7136,2
7137,2
7138,3
7139,2
7140,2
7141,2
7142,2
7143,2
7144,2
7145,2
7146,2
7147,3
7148,4
7149,2
7150,2
7151,2
7152,3
7153,2
7154,2
7155,2
7156,2
7157,2
7158,2
7159,2
7160,1
7161,2
7162,1
7163,1
7164,1
7165,1
7166,1
7167,1
7168,1
7169,1
7170,2
7171,2
7172,1
7173,1
7174,1
7175,1
7176,2
7177,1
7178,1
7179,1
7180,2
7181,1
7182,1
7183,1
7184,1
7185,1
7186,1
7187,1
7188,2
7189,1
7190,2
7191,3
7192,2
7193,2
7194,2
7195,2
7196,2
7197,2
7198,3
7199,2
7200,2
7201,2
7202,2
7203,2
7204,2
7205,1
7206,1
7207,1
7208,1
7209,1
7210,1
7211,1
7212,1
7213,1
7214,1
7215,1
7216,1
7217,1
7218,1
7219,1
7220,1
7221,1
7222,1
7223,1
7224,1
7225,1
7226,1
7227,1
7228,1
7229,1
7230,1
7253,1
7254,1
7255,1
7256,1
7257,1
7258,1
7259,1
7260,1
7261,1
7262,1
7263,1
7264,1
7265,1
7266,1
7267,1
7268,1
7269,1
7270,1
7271,1
7272,1
7273,1
7274,1
7275,1
7276,1
7277,1
7278,1
7279,1
7280,1
7281,1
7282,1
7283,1
7284,1
7285,1
7286,1
7287,1
7288,1
7289,1
7290,1
7291,1
7292,1
7293,1
7294,1
7295,1
7296,1
7297,1
7298,1
7299,1
7300,1
7301,1
7302,1
7303,1
7304,1
7305,1
7306,1
7307,1
7308,1
7309,1
7310,1
7311,1
7312,1
7313,1
7314,1
7315,1
7316,1
7317,1
7318,1
7319,1
7320,1
7321,1
7322,1
7323,1
7324,1
7325,1
7326,1
7327,1
7328,1
7329,1
7330,1
7331,1
7332,1
7356,1
7357,1
7358,1
7359,1
7360,1
7361,1
7362,1
7363,1
7364,1
7365,1
7366,1
7367,1
7368,1
7369,1
7370,1
7371,1
7372,1
7373,1
7374,1
7375,1
7376,1
7377,1
7378,1
7379,1
7380,1
7381,1
7382,1
7383,1
7522,2
7672,1
7673,1
7674,1
7675,1
7676,1
7677,1
7678,1
7679,1
7680,1
7681,1
7682,1
7683,1
7684,1
7685,1
7686,1
7687,1
7688,1
7689,1
7690,1
7691,1
7692,1
7693,1
7694,1
7695,1
7696,1
7697,1
7698,1
7699,1
7700,1
7701,1
7702,1
7703,1
7704,1
7705,1
7706,1
7707,1
7708,1
7709,1
7710,1
7711,1
7712,1
7713,1
7714,1
7715,1
7716,1
7717,1
7718,1
7719,1
7720,1
7721,1
7722,1
7723,1
7724,1
7725,1
7726,1
7727,1
7728,1
7729,1
7730,1
7731,1
7732,1
7733,1
7734,1
7735,1
7736,1
7737,1
7738,1
7739,1
7740,1
7741,1
7742,1
7743,1
7744,1
7745,1
7746,1
7747,1
7748,1
7749,1
7750,1
7751,1
7752,1
7753,1
7754,1
7814,1
7815,1
7877,1
7878,1
7879,1
7880,1
7881,1
7882,1
7883,1
7884,1
7885,1
7886,1
7887,1
7888,2
7889,2
7890,2
7891,2
7892,2
7893,1
7894,2
7895,2
7896,1
7897,1
7898,1
7899,1
7900,1
7901,1
7902,1
7903,1
7904,1
7905,1
7906,1
7907,1
7908,1
7909,1
7910,1
7911,1
7912,1
7913,1
7914,1
7915,1
7916,1
7917,1
7918,1
7919,1
7920,1
7921,1
7922,1
7923,1
7924,1
7925,1
7926,1
7927,1
7928,1
7929,1
7930,1
7931,1
7932,1
7933,1
7934,1
7935,1
7936,1
7937,1
7938,1
7939,1
7940,1
7941,1
7942,1
7943,1
7944,1
7945,1
7946,1
7947,1
7948,1
7949,1
7950,1
7951,1
7952,1
7953,1
7954,1
7955,1
7956,1
7957,1
7958,1
7959,1
7960,1
7961,1
7962,1
7963,1
7964,1
7965,1
7966,1
7967,1
7968,1
8092,1
8097,1
8143,1
8304,1
8377,1
8393,309
8454,1
8465,1
8515,1
8516,1
8517,1
8518,1
8519,1
8520,1
8521,1
8522,1
8523,1
8524,1
8525,1
8526,1
8527,1
8528,1
8529,1
8530,1
8531,1
8532,1
8533,1
8534,1
8535,1
8536,1
8537,1
8538,1
8539,1
8540,1
8541,1
8542,1
8543,1
8544,1
8545,1
8546,1
8547,1
8548,1
8549,1
8550,1
8551,1
8552,1
8553,1
8554,1
8555,1
8556,1
8557,1
8558,1
8559,1
8560,1
8561,1
8562,1
8563,1
8564,1
8565,1
8566,1
8567,1
8568,1
8569,1
8570,1
8571,1
8572,1
8573,1
8574,1
8575,1
8576,1
8577,1
8578,1
8579,1
8580,1
8581,1
8582,1
8583,1
8584,1
8585,1
8586,1
8587,1
8588,1
8589,1
8590,1
8591,1
8592,1
8593,1
8594,1
8595,1
8596,1
8597,1
8598,1
8599,1
8600,1
8601,1
8602,1
8603,1
8604,1
8605,1
8606,1
8607,2
8608,1
8609,1
8610,1
8611,1
8612,1
8613,1
8614,1
8615,1
8616,1
8617,1
8618,1
8619,1
8620,1
8621,1
8622,1
8623,1
8624,1
8625,1
8626,1
8627,2
8628,1
8629,1
8635,8
8636,7
8637,6
8638,6
8639,6
8640,6
8641,6
8642,6
8643,5
8644,6
8645,5
8646,6
8647,6
8648,6
8649,6
8650,7
8651,8
8652,8
8653,8
8654,8
8655,8
8656,8
8657,8
8658,9
8659,8
8660,8
8661,8
8662,7
8663,7
8664,7
8665,7
8666,7
8667,6
8668,6
8669,6
8670,6
8671,6
8672,6
8673,6
8674,6
8675,6
8676,6
8677,6
8678,6
8679,6
8680,6
8681,6
8682,5
8683,5
8684,5
8685,5
8686,5
8687,5
8688,5
8689,5
8690,5
8691,5
8692,5
8693,5
8694,5
8695,5
8696,5
8697,5
8698,5
8699,5
8700,5
8701,5
8702,5
8703,5
8704,5
8705,5
8706,5
8707,5
8708,5
8709,5
8710,5
8711,5
8712,6
8713,4
8714,4
8715,3
8716,4
8717,3
8718,3
8719,3
8720,3
8721,3
8722,3
8723,3
8724,3
8725,3
8726,3
8727,3
8728,4
8729,5
8730,3
8731,3
8732,4
8733,4
8734,3
8735,3
8736,2
8737,2
8738,3
8739,3
8740,2
8741,2
8742,2
8743,3
8744,2
8745,2
8746,2
8747,2
8748,2
8749,2
8750,2
8751,3
8752,2
8753,3
8754,3
8755,2
8756,2
8757,2
8758,2
8759,2
8760,2
8761,2
8762,2
8763,1
8764,1
8765,1
8766,1
8767,1
8768,1
8769,1
8770,1
8771,1
8772,1
8773,1
8774,1
8775,1
8776,1
8777,3
8778,1
8779,1
8780,1
8781,1
8782,1
8783,1
8784,1
8785,1
8786,1
8787,1
8788,3
8789,2
8790,2
8791,3
8792,3
8793,2
8794,2
8795,2
8796,2
8797,2
8798,2
8799,2
8800,2
8801,2
8802,2
8803,3
8804,3
8805,4
8806,4
8807,4
8808,5
8809,4
8810,4
8811,4
8812,4
8813,3
8814,4
8815,4
8816,4
8817,4
8818,5
8819,5
8820,6
8821,5
8822,5
8823,5
8824,5
8825,5
8826,5
8827,5
8828,5
8829,5
8830,4
8831,4
8832,4
8833,4
8834,4
8835,16
8836,4
8837,3
8838,3
8839,3
8840,3
8841,3
8842,3
8843,4
8844,5
8845,5
8846,5
8847,5
8848,5
8849,5
8850,5
8851,5
8852,5
8853,5
8854,5
8855,5
8856,5
8857,5
8858,5
8859,5
8860,5
8861,6
8862,7
8863,7
8864,7
8865,7
8866,7
8867,7
8868,7
8869,7
8870,7
8871,7
8872,7
8873,7
8874,7
8875,7
8876,7
8877,8
8878,8
8879,8
8880,8
8881,8
8882,8
8883,8
8884,8
8885,8
8886,8
8887,9
8888,9
8889,10
8890,8
8891,10
8892,10
8893,10
8894,10
8895,10
8896,10
8897,10
8898,10
8899,10
8900,10
8901,10
8902,10
8903,10
8904,10
8905,10
8906,11
8907,10
8908,10
8909,10
8910,10
8911,10
8912,10
8913,10
8914,4
8915,4
8916,4
8917,4
8918,4
8919,4
8920,4
8921,4
8922,4
8923,4
8924,4
8925,3
8926,3
8927,2
8928,2
8929,1
8930,1
8931,1
8932,1
8933,1
9027,1
9073,1
9078,1
9111,1
9199,1
9245,4
9246,4
9247,4
9248,4
9249,4
9250,4
9251,4
9252,4
9253,4
9254,4
9255,4
9256,4
9257,4
9258,4
9259,4
9260,4
9261,4
9262,3
9263,4
9264,3
9265,2
9266,2
9267,2
9268,2
9269,2
9270,1
9271,1
9272,1
9273,1
9274,1
9275,1
9276,2
9277,1
9278,1
9303,1
9310,1
9325,2
9326,1
9327,2
9328,2
9329,2
9330,2
9331,3
9332,2
9333,2
9334,2
9335,2
9336,2
9337,2
9338,2
9339,2
9340,2
9341,2
9342,2
9343,2
9344,2
9345,2
9346,2
9347,2
9348,2
9349,2
9350,2
9351,2
9352,2
9353,2
9354,2
9355,2
9356,2
9357,2
9358,2
9359,2
9360,2
9361,2
9362,2
9363,2
9364,2
9365,2
9366,2
9367,2
9368,2
9369,3
9370,2
9371,2
9372,2
9373,2
9374,2
9375,2
9376,2
9377,2
9378,2
9379,15
9380,1
9381,1
9382,2
9383,1
9384,1
9385,1
9386,1
9387,1
9388,1
9389,1
9390,2
9391,2
9392,2
9393,2
9394,2
9395,2
9396,2
9397,1
9398,1
9399,1
9400,1
9401,2
9402,2
9403,2
9404,2
9405,2
9406,1
9407,1
9408,1
9409,1
9410,1
9411,1
9412,3
9413,3
9414,3
9415,3
9416,3
9417,3
9418,3
9419,3
9420,3
9421,3
9422,3
9423,2
9424,2
9425,2
9426,2
9427,2
9428,2
9429,2
9430,1
9431,1
9432,1
9433,1
9434,1
9435,1
9436,1
9437,1
9438,1
9439,1
9440,1
9441,1
9442,1
9443,1
9444,1
9445,1
9446,1
9447,1
9448,1
9449,1
9450,2
9451,2
9452,2
9453,2
9454,2
9455,2
9456,2
9457,2
9458,2
9459,2
9460,2
9461,2
9462,3
9463,3
9464,3
9465,3
9466,3
9467,3
9468,3
9469,3
9470,3
9471,3
9472,3
9473,3
9474,3
9475,4
9476,3
9477,3
9478,3
9479,2
9480,2
9481,2
9482,2
9483,2
9484,2
9485,2
9486,3
9487,2
9488,3
9489,2
9490,2
9491,2
9492,2
9493,2
9494,2
9495,2
9496,3
9497,2
9498,2
9499,2
9500,2
9501,2
9502,3
9612,1
9613,1
9614,1
9615,1
9616,1
9617,1
9618,1
9619,1
9620,1
9621,1
9622,1
9623,1
9624,1
9625,1
9626,1
9627,1
9628,2
9629,1
9630,1
9631,1
9632,1
9633,1
9634,1
9635,1
9636,1
9637,1
9638,1
9697,2
9786,1
9787,1
9788,1
9789,1
9790,1
9791,1
9792,1
9793,1
9794,1
9795,1
9796,1
9797,1
9798,1
9799,1
9800,1
9801,1
9802,1
9803,1
9804,1
9805,1
9806,1
9812,1
9868,1
10029,308
10096,1
10135,7
10189,1
10262,1
10369,2
10448,1
10449,309
10528,1
10595,1
10603,1
10604,1
10605,1
10606,2
10607,1
10608,1
10609,1
10610,1
10611,1
10612,1
10613,1
10614,8
10615,9
10616,10
10617,10
10618,10
10619,10
10620,10
10621,10
10622,10
10623,10
10624,11
10625,11
10626,11
10627,11
10628,11
10629,11
10630,11
10631,11
10632,11
10633,11
10634,11
10635,11
10636,11
10637,11
10638,10
10639,11
10640,1
10641,1
10642,1
10643,1
10644,1
10645,1
10646,1
10647,1
10648,1
10649,1
10650,1
10651,1
10652,1
10653,1
10654,1
10655,1
10656,1
10676,1
10784,1
10785,1
10786,1
10787,1
10788,1
10789,1
10790,1
10791,1
10792,1
10793,1
10794,1
10795,1
10796,1
10797,1
10798,1
10799,1
10800,1
10801,1
10802,1
10803,1
10804,1
10805,1
10806,1
10807,1
10808,1
10809,1
10810,1
10811,1
10933,1
11074,10
11075,10
11076,1
11083,1
11096,1
11109,1
11202,1
11283,293
11284,293
11285,307
11286,307
11287,308
11288,308
11289,308
11290,307
11291,307
11292,14
11293,14
11339,1
11340,1
11341,1
11342,1
11343,1
11344,1
11345,1
11346,1
11347,1
11348,1
11349,1
11350,1
11351,1
11352,1
11353,1
11354,1
11355,1
11356,1
11537,307
11563,1
11743,1
11991,1
12133,1
12197,1
12352,1
12353,1
12354,1
12355,1
12356,1
12357,1
12358,1
12359,1
12360,1
12361,1
12362,1
12363,1
12364,1
12365,1
12366,1
12367,1
12368,1
12369,1
12370,1
12371,1
12372,1
12373,1
12374,1
12375,1
12376,1
12377,1
12378,1
12379,1
12380,1
12381,2
12382,2
12383,2
12384,2
12385,2
12386,2
12387,2
12388,2
12389,2
12390,2
12391,2
12392,2
12393,2
12394,2
12395,2
12396,2
12397,2
12398,2
12399,2
12400,2
12401,2
12402,2
12403,2
12404,2
12405,2
12406,2
12407,2
12408,2
12409,2
12410,2
12411,2
12412,2
12413,2
12414,2
12415,2
12416,2
12417,2
12418,2
12419,2
12420,2
12421,2
12422,2
12423,2
12424,2
12425,2
12426,2
12427,2
12428,2
12429,2
12430,2
12431,2
12432,2
12433,2
12434,2
12435,2
12436,2
12437,2
12438,2
12439,2
12440,1
12441,1
12442,1
12443,1
12444,1
12445,1
12446,1
12447,1
12448,1
12449,1
12450,1
12451,1
12452,1
12453,1
12454,1
12455,1
12456,1
12457,1
12458,1
12459,1
12460,1
12461,1
12462,1
12463,1
12464,1
12465,1
12466,1
12467,1
12528,1
12559,1
12634,1
12763,3
12786,4
12797,1
13059,1
13124,1
13195,307
13279,1
13280,1
13281,1
13282,1
13283,1
13284,1
13285,1
13286,1
13287,1
13288,1
13289,1
13290,1
13291,1
13292,1
13293,1
13294,1
13295,1
13296,1
13297,2
13298,1
13299,1
13300,1
13301,1
13302,1
13303,1
13304,1
13305,1
13306,1
13307,1
13308,1
13309,1
13310,1
13311,1
13312,1
13313,1
13314,1
13315,1
13316,1
13317,1
13318,1
13319,1
13320,1
13321,1
13322,1
13323,1
13324,1
13325,1
13326,1
13327,1
13363,4
13364,4
13365,4
13366,3
13367,3
13368,3
13369,3
13370,3
13371,3
13372,3
13373,3
13374,3
13375,2
13376,3
13377,2
13378,1
13379,1
13380,2
13381,1
13382,1
13383,1
13384,1
13385,1
13386,1
13387,1
13388,2
13389,1
13390,1
13391,1
13392,1
13393,1
13394,1
13395,1
13396,1
13397,1
13398,1
13399,1
13400,1
13401,2
13402,1
13403,1
13404,1
13405,1
13406,1
13407,1
13408,1
13409,1
13410,1
13411,1
13412,1
13414,1
13420,1
13429,1
13449,1
13460,1
13476,1
13477,1
13478,1
13479,1
13480,1
13481,1
13482,2
13483,1
13484,1
13485,1
13486,1
13487,1
13488,1
13489,2
13490,2
13491,1
13492,1
13493,1
13494,1
13495,1
13501,1
13502,1
13503,2
13504,1
13505,1
13506,1
13507,1
13508,1
13509,1
13510,1
13511,1
13512,1
13513,1
13514,1
13515,1
13516,1
13517,1
13537,1
13538,1
13539,1
13540,1
13541,1
13542,1
13543,1
13544,1
13545,1
13546,1
13547,1
13548,1
13549,1
13550,1
13551,1
13552,1
13553,1
13554,1
13555,1
13556,1
13557,1
13558,1
13559,1
13560,1
13561,1
13562,1
13563,1
13564,1
13565,1
13566,1
13567,1
13568,1
13569,1
13570,1
13571,1
13572,1
13573,1
13574,1
13575,1
13576,1
13577,1
13578,1
13579,1
13580,1
13581,1
13582,1
13583,1
13584,1
13585,1
13586,1
13587,1
13588,1
13589,1
13590,1
13591,1
13592,1
13593,1
13594,1
13595,1
13596,1
13597,1
13598,1
13599,1
13600,1
13601,1
13602,1
13603,1
13604,1
13605,1
13606,1
13607,1
13608,2
13609,1
13610,1
13611,1
13615,1
13616,1
13617,1
13618,1
13619,1
13620,2
13621,1
13622,1
13623,1
13624,1
13625,1
14271,1
14272,2
14273,2
14274,2
14275,2
14276,1
14277,2
14278,1
14279,1
14280,1
14281,1
14282,1
14283,1
14284,1
14285,1
14286,1
14287,1
14288,1
14289,1
14290,1
14291,1
14292,1
14293,2
14294,1
14295,1
14296,1
14297,1
14298,1
14299,1
14300,1
14301,1
14302,1
14303,1
14304,1
14305,1
14306,1
14307,1
14308,1
14309,1
14310,1
14311,1
14312,1
14313,1
14314,1
14315,1
14316,1
14317,1
14318,1
14319,1
14320,1
14321,1
14322,1
14323,1
14324,1
14325,1
14326,1
14327,1
14328,1
14329,1
14330,1
14331,1
14332,1
14333,1
14334,1
14335,1
14336,1
14337,1
14338,1
14408,309
14487,1
14488,1
14489,1
14490,1
14491,1
14492,1
14493,1
14494,1
14495,1
14496,1
14497,1
14498,1
14499,1
14500,1
14501,1
14552,1
14661,1
14898,3
14899,4
14900,4
14901,4
14902,4
14903,4
14904,4
14905,4
14906,4
14907,4
14908,4
14909,3
14910,2
14911,2
14912,2
14913,2
14914,2
14915,2
14916,2
14917,2
14918,2
14919,2
14920,2
14921,2
14922,2
14923,2
14924,2
14925,2
14926,2
14927,2
14928,3
14929,2
14930,2
14931,2
14932,2
14933,2
14934,2
14935,2
14936,2
14937,3
14938,2
14939,3
14940,2
14941,2
14942,3
14943,2
14944,2
14945,3
14946,2
14947,2
14948,2
14949,2
14950,2
14951,2
14952,2
14953,2
14954,1
14955,1
14956,1
14957,1
14958,1
14959,1
14960,1
14961,1
14962,1
14963,1
14964,1
14965,1
14966,1
14967,1
14968,1
14969,1
14970,1
14971,1
14972,1
14973,1
14974,1
14975,1
14976,1
14977,1
14978,1
14979,1
14980,1
14981,1
14982,1
14983,1
14984,1
14985,1
14986,1
14987,1
14988,1
14989,1
14990,1
14991,1
14992,1
14993,1
14994,1
14995,1
14996,1
14997,1
14998,1
14999,1
15000,1
15001,1
15002,1
15003,1
15004,1
15005,1
15006,1
15007,1
15008,1
15009,1
15010,1
15011,1
15012,1
15013,1
15014,1
15015,1
15016,1
15017,2
15018,1
15019,1
15020,1
15021,1
15022,1
15023,1
15024,1
15025,1
15026,1
15027,1
15028,1
15057,1
15063,1
15067,1
15071,1
15072,1
15073,1
15074,1
15075,1
15076,1
15077,1
15078,1
15079,1
15080,1
15081,1
15082,1
15083,1
15084,1
15085,1
15086,1
15087,1
15088,1
15089,1
15090,1
15091,1
15092,1
15093,1
15094,1
15095,1
15096,1
15097,1
15098,1
15099,1
15100,1
15101,1
15102,1
15103,1
15104,1
15105,1
15106,1
15107,1
15108,1
15109,1
15110,1
15111,1
15112,1
15113,1
15114,1
15115,1
15116,1
15117,1
15118,1
15119,1
15120,1
15121,1
15122,1
15123,1
15124,1
15125,1
15126,1
15127,1
15128,1
15129,1
15130,1
15131,1
15132,1
15133,1
15134,1
15135,1
15136,1
15137,1
15138,2
15139,1
15140,1
15141,1
15142,1
15143,1
15144,1
15145,1
15146,1
15147,1
15148,1
15149,1
15150,1
15151,1
15152,1
15153,1
15154,1
15155,1
15156,1
15157,1
15158,1
15159,1
15160,1
15161,1
15162,1
15163,1
15164,1
15165,1
15166,1
15167,1
15168,1
15169,1
15170,1
15171,1
15172,1
15173,1
15174,1
15175,1
15176,1
15177,1
15178,1
15179,1
15180,1
15181,1
15182,1
15183,1
15184,1
15185,1
15186,1
15187,1
15188,1
15189,1
15190,1
15191,1
15192,1
15193,2
15219,13
15240,309
15273,1
15337,2
15338,2
15339,2
15340,2
15341,2
15342,2
15343,2
15344,2
15345,2
15346,2
15347,2
15348,2
15349,2
15350,2
15351,2
15352,2
15353,2
15354,2
15355,2
15356,2
15357,2
15358,2
15359,2
15360,2
15361,2
15362,2
15363,2
15364,2
15365,2
15366,2
15367,2
15368,2
15369,2
15370,2
15371,2
15372,2
15373,2
15374,2
15375,2
15376,2
15377,2
15378,2
15379,2
15380,2
15381,2
15382,2
15383,2
15384,2
15385,2
15386,2
15387,2
15388,2
15389,2
15390,2
15391,2
15392,2
15393,2
15394,2
15395,2
15396,2
15397,2
15398,2
15399,2
15400,2
15401,2
15402,2
15403,2
15404,2
15405,2
15406,2
15407,2
15408,2
15409,2
15410,2
15411,2
15412,2
15413,2
15414,2
15415,2
15416,2
15417,2
15418,2
15419,2
15420,2
15421,1
15422,1
15423,1
15424,1
15425,1
15426,1
15427,1
15428,1
15429,1
15430,1
15431,1
15432,1
15433,1
15434,1
15435,1
15436,1
15437,1
15438,1
15439,1
15440,1
15441,1
15442,1
15443,1
15444,1
15445,1
15446,1
15447,1
15448,2
15449,1
15450,1
15451,1
15452,1
15453,1
15454,1
15455,1
15456,1
15457,1
15458,1
15459,1
15460,1
15461,1
15462,1
15463,1
15464,1
15465,1
15466,1
15467,1
15468,1
15469,1
15470,1
15471,1
15472,1
15473,1
15474,1
15475,1
15476,1
15477,1
15478,1
15479,1
15480,1
15481,1
15482,1
15483,1
15484,1
15485,1
15486,1
15487,4
15488,1
15489,3
15490,1
15491,1
15492,1
15493,1
15494,3
15495,1
15496,1
15497,1
15498,1
15499,1
15500,1
15501,1
15502,1
15503,1
15504,1
15505,1
15506,1
15507,1
15508,1
15509,1
15510,1
15521,17
15714,1
15715,1
15716,1
15717,1
15718,1
15719,1
15720,1
15721,1
15722,1
15723,1
15724,1
15725,1
15726,1
15727,1
15728,1
15729,1
15730,1
15731,1
15732,1
15733,1
15734,1
15735,1
15736,1
15737,1
15738,1
15739,1
15740,1
15741,1
15742,1
15743,1
15744,1
15745,1
15746,1
15747,1
15748,1
15749,1
15750,1
15751,1
15752,1
15753,1
15754,1
15755,1
15756,1
15757,1
15758,1
15759,1
15760,1
15761,1
15762,1
15763,2
15764,1
15765,1
15766,1
15767,1
15768,1
15769,1
15770,1
15771,1
15772,1
15773,1
15774,1
15775,1
15776,1
15777,1
15778,1
15779,1
15780,1
15781,1
15782,1
15783,1
15784,1
15785,1
15786,1
15787,1
15788,1
15789,1
15790,1
15791,1
15792,1
15793,1
15794,1
15795,1
15796,1
15797,1
15798,1
15799,1
15800,1
15801,1
15802,1
15803,1
15804,1
15805,1
15806,1
15807,1
15808,1
15809,1
15810,1
15811,1
15812,1
15813,1
15814,1
15815,1
15816,1
15817,1
15818,1
15819,1
15820,1
15821,1
15822,1
15823,1
15824,1
15825,1
15826,1
15827,1
15828,1
15829,1
15830,1
15831,1
15832,1
15833,1
15834,1
15835,1
15836,1
15837,1
15838,1
15839,1
15840,1
15841,1
15842,1
15843,1
15844,1
15845,1
15846,1
15847,1
15848,1
15849,1
15850,1
15851,1
15852,1
15853,1
15854,1
15855,1
15856,1
15857,1
15858,1
15859,1
15860,1
15861,1
15862,1
15863,1
15864,1
15865,1
15866,1
15867,1
15868,1
15869,1
15870,1
15871,1
15872,1
15873,1
15874,1
15875,1
15876,1
15877,1
15878,1
15879,1
15880,1
15881,1
15882,1
15883,1
15884,1
15885,1
15886,1
15887,1
15888,1
15889,1
15890,1
15891,1
15892,1
15893,1
15894,1
15895,1
15896,1
15897,1
15898,1
15899,1
15900,1
15901,1
15902,1
15903,1
15904,1
15905,1
15906,1
15907,1
15908,1
15909,1
15910,1
15911,1
15912,1
15913,1
15950,1
15952,1
15955,1
16186,2
16187,3
16188,2
16189,2
16190,2
16191,3
16192,2
16193,2
16194,2
16195,3
16196,2
16197,2
16198,2
16199,2
16200,2
16201,2
16202,2
16203,2
16204,3
16205,2
16206,2
16207,2
16208,2
16209,2
16210,2
16211,2
16212,2
16213,2
16214,2
16215,2
16216,2
16217,2
16218,2
16219,2
16220,2
16221,2
16222,2
16223,2
16224,2
16225,3
16226,3
16227,2
16228,2
16229,2
16230,2
16231,2
16232,2
16233,2
16234,1
16235,1
16236,1
16237,1
16238,1
16239,1
16240,1
16241,1
16242,1
16243,1
16244,1
16245,2
16246,1
16247,1
16248,1
16249,1
16250,1
16251,1
16252,1
16253,1
16254,2
16255,1
16256,1
16257,1
16258,1
16259,1
16260,1
16261,1
16262,1
16263,1
16264,1
16265,1
16266,1
16267,1
16268,1
16269,1
16270,1
16271,1
16272,1
16273,1
16274,1
16275,1
16276,1
16278,1
16282,1
16286,2
16287,1
16288,1
16289,1
16290,1
16291,1
16292,1
16293,1
16294,1
16295,1
16296,1
16297,1
16298,2
16299,1
16300,1
16301,1
16302,1
16303,1
16304,1
16305,1
16306,1
16307,1
16308,1
16309,2
16310,1
16311,1
16312,1
16313,1
16314,1
16323,1
16324,1
16329,1
16340,1
16361,1
16375,1
16412,1
16430,1
16466,1
16487,1
16488,1
16631,1
16756,1
16887,1
16893,1
16894,1
16895,1
16896,1
16897,1
16898,1
16899,1
16900,1
16901,1
16902,1
16903,1
16904,1
16905,1
16906,1
16907,1
16908,1
16909,1
16910,1
16911,1
16912,1
16913,1
16914,1
16915,1
16916,1
16917,1
16918,1
16919,1
16920,1
16921,1
16922,1
16923,1
16924,1
16925,1
16926,1
16927,1
16928,1
16929,1
16930,1
16931,1
17019,1
17042,1
17082,1
17085,1
17108,1
17110,1
17326,1
17674,1
17698,1
17699,1
17700,1
17701,1
17702,1
17703,1
17704,1
17705,1
17706,1
17733,1
17734,1
17735,1
17736,1
17737,1
17738,1
17739,1
17740,1
17741,1
17742,1
17743,1
17744,1
17745,1
17746,2
17747,1
17748,1
17749,1
17750,1
17751,1
17752,1
17753,1
17754,1
17755,1
17756,1
17757,1
17758,1
17759,1
17760,1
17761,1
17762,1
17763,1
17764,1
17765,1
17766,1
17767,1
17768,1
17769,1
17770,1
17771,1
17825,1
17877,1
17878,1
17893,4
17895,1
17896,1
17897,1
17898,1
17899,1
17900,1
17907,1
17908,1
17909,1
17910,1
17911,1
17912,1
17913,1
17914,1
17915,1
17916,1
17917,1
17918,1
17919,1
17920,1
17921,1
17922,1
17923,1
17924,1
17925,1
17926,1
17927,1
17928,1
17929,1
17930,1
17931,1
17932,1
17933,1
17934,1
17935,1
17936,1
17937,1
17938,1
17939,1
17940,1
17941,1
17942,1
17943,1
17944,1
17945,1
17946,1
17947,1
17948,1
17949,1
17950,1
17951,1
17952,1
17953,1
17954,1
17955,1
17956,1
17957,1
17958,1
17959,1
17960,1
17961,1
17962,1
17963,1
17964,1
17965,1
17966,1
17967,1
17968,1
17969,1
17970,1
17971,1
17972,1
17973,1
17974,1
17975,1
17977,1
18017,1
18018,1
18019,1
18020,1
18021,1
18022,1
18023,1
18024,1
18025,1
18026,1
18027,1
18028,1
18029,1
18030,1
18031,1
18032,1
18033,1
18034,1
18035,1
18036,1
18037,1
18038,1
18039,1
18040,1
18041,1
18042,1
18043,1
18044,1
18045,1
18046,1
18047,1
18048,1
18049,1
18050,1
18051,1
18052,1
18053,1
18054,1
18055,1
18056,1
18057,1
18058,1
18059,1
18060,1
18061,1
18062,1
18063,1
18064,1
18065,1
18066,1
18067,1
18068,1
18069,1
18070,1
18071,1
18072,1
18073,1
18074,1
18075,1
18076,1
18077,1
18078,1
18079,1
18080,1
18081,1
18082,1
18083,1
18084,1
18085,1
18086,1
18087,1
18088,1
18089,1
18090,1
18091,1
18092,1
18093,1
18094,1
18095,1
18096,1
18097,1
18098,1
18099,1
18100,2
18101,1
18102,1
18103,1
18104,1
18105,1
18106,1
18107,1
18108,1
18109,1
18110,1
18163,295
18166,1
18170,1
18171,1
18172,1
18173,1
18174,1
18175,1
18176,1
18177,1
18178,1
18179,1
18180,1
18181,1
18182,1
18183,1
18184,1
18185,1
18186,1
18187,1
18188,1
18189,1
18190,1
18191,1
18192,1
18193,1
18194,1
18195,1
18196,1
18197,1
18198,1
18199,1
18200,1
18201,1
18202,1
18203,1
18204,1
18205,2
18206,2
18207,2
18208,2
18209,2
18210,2
18211,2
18212,2
18213,2
18214,2
18215,2
18216,2
18217,2
18218,2
18219,2
18220,2
18221,2
18222,2
18223,2
18224,2
18225,2
18226,2
18227,2
18228,2
18229,2
18230,2
18231,2
18232,2
18233,2
18234,2
18235,2
18236,2
18237,2
18238,2
18239,2
18240,2
18241,2
18242,2
18243,2
18244,2
18245,2
18246,2
18247,2
18248,2
18249,2
18250,2
18251,2
18252,1
18261,3
18262,4
18263,4
18264,4
18265,4
18266,4
18267,4
18268,4
18269,4
18270,4
18271,4
18272,4
18273,4
18274,4
18275,1
18276,3
18277,2
18315,1
18498,1
18554,1
18555,1
18556,1
18557,1
18558,1
18559,2
18560,1
18561,1
18562,1
18563,1
18564,1
18565,1
18566,1
18567,1
18568,1
18569,1
18570,1
18571,1
18572,1
18573,1
18574,1
18575,1
18576,1
18577,1
18578,1
18579,1
18580,1
18581,1
18582,1
18583,1
18584,1
18585,1
18586,1
18587,1
18588,1
18589,1
18590,1
18591,1
18592,1
18593,1
18594,1
18595,1
18596,1
18597,1
18598,1
18599,1
18600,1
18601,1
18602,1
18603,1
18604,1
18605,1
18606,1
18607,1
18608,1
18609,1
18610,1
18611,1
18612,1
18613,1
18614,1
18615,1
18616,1
18617,1
18618,1
19009,2
19041,1
19151,1
19209,4
19210,4
19212,4
19214,4
19217,4
19275,2
19276,1
19277,1
19278,3
19279,1
19280,1
19281,1
19282,1
19283,1
19284,1
19285,1
19286,1
19287,2
19288,1
19289,1
19290,1
19291,1
19292,1
19293,2
19294,1
19295,1
19296,1
19297,1
19298,1
19299,1
19300,1
19301,1
19302,1
19303,1
19304,1
19305,1
19306,1
19307,1
19308,1
19309,1
19310,1
19311,1
19312,1
19313,1
19314,1
19315,2
19316,1
19317,1
19385,1
19522,1
19530,1
19551,1
19568,1
19569,1
19570,1
19718,1
19885,1
19983,4
19984,4
20014,1
20091,1
20155,1
20156,1
20157,1
20158,1
20159,1
20160,1
20174,1
20175,1
20176,1
20177,1
20178,1
20179,1
20180,2
20181,1
20185,1
20186,1
20187,1
20188,1
20189,1
20190,1
20191,1
20192,1
20193,1
20194,1
20195,1
20198,1
20199,1
20200,1
20231,2
20232,2
20233,2
20234,2
20235,2
20236,2
20237,2
20238,2
20239,2
20240,2
20241,2
20242,2
20243,2
20244,2
20245,2
20246,2
20247,2
20248,2
20249,2
20250,2
20251,2
20252,2
20253,2
20254,2
20255,2
20256,2
20257,2
20258,2
20259,2
20260,2
20261,2
20262,2
20263,2
20264,1
20269,1
20270,1
20276,1
20278,1
20280,1
20288,1
20297,1
20364,1
20365,1
20366,1
20367,1
20368,1
20369,1
20370,1
20371,1
20372,1
20373,1
20374,1
20375,1
20376,1
20377,1
20378,1
20379,1
20380,1
20381,1
20382,1
20418,1
20426,1
20464,1
20465,1
20466,1
20467,1
20468,1
20469,1
20470,1
20471,1
20472,1
20473,1
20474,1
20475,1
20476,1
20477,1
20478,1
20479,2
20480,1
20481,1
20482,1
20483,1
20484,2
20485,2
20486,2
20487,3
20488,2
20489,2
20490,2
20491,2
20492,2
20493,2
20494,2
20495,2
20496,2
20498,1
20499,1
20500,1
20501,1
20502,1
20503,1
20504,1
20505,1
20506,1
20507,1
20508,1
20509,1
20510,1
20511,1
20512,2
20681,1
20682,1
20683,1
20684,1
20685,1
20686,1
20687,1
20688,1
20689,1
20690,1
20691,1
20692,1
20693,1
20694,1
20695,1
20696,1
20697,1
20698,1
20699,1
20700,1
20701,1
20702,1
20703,1
20704,1
20705,1
20706,1
20707,1
20708,1
20709,1
20710,1
20711,1
20712,1
20713,1
20714,1
20715,1
20716,1
20717,1
20718,1
20719,1
20720,1
20721,1
20722,1
20723,1
20724,1
20725,1
20726,1
20727,1
20728,1
20729,1
20730,1
20731,1
20732,1
20733,1
20734,1
20735,1
20736,1
20737,1
20738,1
20739,1
20740,1
20741,1
20742,1
20743,1
20744,1
20745,1
20746,1
20747,1
20748,1
20749,1
20750,1
20751,1
20752,1
20753,1
20754,1
20755,1
20756,1
20757,1
20758,1
20759,1
20760,1
20761,1
20762,1
20763,1
20764,1
20765,1
20766,1
20767,1
20768,1
20769,1
20770,1
20771,1
20772,1
20773,1
20774,1
20775,1
20776,1
20794,1
20795,1
20796,1
20797,1
20798,1
20799,1
20800,1
20801,1
20802,1
20803,1
20804,1
20805,1
20806,2
20807,2
20808,2
20809,2
20810,2
20811,2
20812,2
20813,2
21034,15
21102,1
21110,1
21119,1
21146,2
21147,2
21148,3
21149,2
21150,2
21151,2
21152,2
21153,3
21154,3
21155,2
21156,2
21157,2
21158,2
21159,2
21160,2
21161,2
21162,2
21163,2
21164,2
21165,2
21166,2
21167,2
21168,2
21169,2
21170,2
21171,2
21172,1
21173,1
21174,1
21175,1
21176,1
21177,1
21178,1
21179,1
21180,1
21181,1
21182,1
21183,1
21184,1
21185,1
21186,1
21187,1
21188,1
21189,1
21190,1
21191,1
21192,1
21193,1
21194,1
21195,2
21196,1
21197,1
21198,1
21199,1
21200,1
21201,1
21202,1
21203,1
21204,1
21205,1
21206,1
21207,1
21208,1
21209,1
21210,1
21211,1
21212,1
21213,1
21214,1
21215,1
21216,1
21217,1
21218,1
21219,1
21220,1
21221,1
21222,1
21223,1
21224,1
21225,1
21226,1
21227,1
21228,1
21229,1
21230,1
21231,1
21232,1
21233,1
21234,1
21235,1
21236,1
21237,1
21238,1
21246,1
21253,1
21254,1
21256,1
21265,1
21271,1
21280,1
21283,1
21289,1
21290,1
21291,1
21292,1
21293,1
21298,1
21305,1
21355,1
21356,1
21357,1
21358,1
21359,1
21360,1
21361,1
21362,1
21363,1
21364,1
21365,2
21366,2
21367,2
21368,2
21369,2
21370,2
21371,2
21372,2
21373,2
21374,3
21375,2
21376,3
21377,3
21378,3
21379,3
21380,3
21381,3
21382,3
21383,3
21384,3
21385,3
21386,3
21391,1
21409,1
21420,1
21427,3
21428,4
21429,4
21430,4
21431,4
21432,4
21433,4
21434,4
21435,4
21436,4
21437,4
21438,4
21439,4
21440,4
21441,4
21442,4
21443,5
21444,4
21445,4
21446,4
21447,4
21448,4
21449,4
21450,4
21451,4
21452,4
21453,4
21454,4
21455,3
21456,3
21457,3
21458,3
21459,3
21460,3
21461,3
21462,3
21463,3
21464,3
21465,3
21466,3
21467,2
21468,2
21469,2
21470,2
21471,2
21472,2
21473,2
21474,2
21475,2
21476,2
21477,2
21478,2
21479,3
21480,2
21481,2
21482,2
21483,2
21484,2
21485,2
21486,2
21487,2
21488,2
21489,2
21490,2
21491,1
21492,1
21493,1
21494,1
21495,1
21496,1
21497,1
21498,1
21499,1
21500,1
21501,2
21502,2
21503,2
21504,2
21505,2
21506,2
21507,2
21508,2
21509,2
21510,1
21511,1
21512,1
21513,1
21514,1
21515,1
21570,1
21573,1
21574,1
21575,2
21576,1
21577,1
21578,1
21579,1
21580,1
21581,1
21582,1
21583,1
21584,1
21585,1
21586,1
21587,1
21588,1
21589,1
21590,1
21591,1
21592,1
21593,1
21594,1
21595,1
21596,1
21597,1
21598,1
21599,1
21600,1
21601,1
21602,1
21603,1
21604,1
21605,1
21606,1
21607,1
21608,1
21609,1
21610,1
21611,1
21612,1
21613,1
21614,1
21615,1
21616,1
21617,1
21618,1
21619,1
21620,1
21621,1
21622,1
21623,1
21624,1
21625,4
21626,4
21627,4
21628,4
21629,5
21630,4
21631,4
21632,4
21633,4
21634,4
21635,5
21636,4
21637,5
21638,4
21639,4
21640,4
21641,5
21642,4
21643,4
21644,4
21645,4
21646,4
21647,4
21648,4
21649,4
21650,5
21651,4
21652,4
21653,4
21654,5
21655,3
21656,3
21657,4
21658,3
21659,3
21660,4
21661,4
21662,4
21663,4
21664,4
21665,4
21666,4
21667,4
21668,4
21669,4
21670,4
21671,4
21672,4
21673,4
21674,4
21675,5
21676,5
21677,5
21678,5
21679,5
21680,5
21681,5
21682,5
21683,3
21684,3
21685,3
21686,3
21687,3
21688,3
21689,3
21690,3
21691,3
21692,3
21693,3
21694,3
21695,3
21696,3
21697,4
21698,4
21699,4
21700,4
21701,4
21702,4
21703,4
21704,4
21705,4
21706,4
21707,4
21708,4
21709,4
21710,4
21711,4
21712,4
21713,4
21714,4
21715,4
21716,4
21717,5
21718,5
21719,5
21720,5
21721,5
21722,5
21723,4
21724,4
21725,4
21726,4
21727,3
21728,2
21729,2
21730,2
21731,2
21732,1
21733,1
21734,1
21735,1
21736,1
21737,1
21738,1
21739,1
21740,1
21741,1
21742,1
21753,1
21754,1
21755,1
21756,1
21757,1
21758,1
21759,1
21760,1
21761,1
21762,307
21763,2
21764,2
21765,307
21766,307
21767,307
21768,307
21769,307
21770,307
21771,1
21772,1
21773,1
21774,1
21775,1
21776,1
21777,1
21778,1
21779,1
21780,1
21781,1
21782,1
21783,1
21784,1
21785,1
21786,1
21787,1
21788,1
21789,1
21790,1
21791,1
21792,1
21793,1
21794,1
21795,1
21796,1
21797,1
21803,1
21804,1
21805,1
21806,1
21807,1
21808,1
21809,1
21810,1
21811,1
21812,1
21813,1
21814,4
21815,7
21816,9
21817,10
21818,11
21819,10
21820,10
21821,10
21822,10
21823,10
21824,10
21825,10
21826,10
21827,10
21828,10
21829,10
21830,10
21831,10
21832,10
21833,10
21834,10
21835,10
21836,10
21837,10
21838,10
21839,10
21840,10
21841,10
21842,10
21843,2
21844,2
21845,2
21846,307
21847,3
21848,2
21849,2
21850,2
21851,2
21852,2
21853,2
21854,2
21855,2
21856,2
21857,2
21858,2
21859,2
21860,2
21861,2
21862,2
21863,2
21864,2
21865,2
21866,2
21867,2
21868,2
21869,2
21870,2
21871,2
21872,2
21873,2
21874,2
21875,2
21876,3
21877,2
21878,2
21879,2
21880,2
21881,2
21882,2
21883,2
21884,2
21885,2
21886,2
21887,2
21888,2
21889,2
21890,2
21891,2
21892,2
21893,2
21894,2
21895,2
21896,2
21897,2
21898,2
21899,2
21900,2
21901,2
21902,2
21903,2
21904,2
21905,2
21906,2
21907,2
21908,2
21909,2
21910,2
21911,2
21912,2
21913,2
21914,2
21915,2
21916,2
21917,2
21918,2
21919,2
21920,2
21921,2
21922,2
21923,2
21924,2
21925,2
21926,2
21927,2
21928,2
21929,3
21930,3
21931,3
21932,3
21933,3
21934,3
21935,2
21936,2
21937,2
21938,2
21939,2
21940,2
21941,2
21942,2
21943,2
21944,2
21945,2
21946,2
21947,2
21948,2
21949,1
21950,1
21951,1
21952,2
21953,1
21954,1
21955,1
21956,1
21957,1
21958,1
21959,1
21960,1
21961,1
21962,1
21963,1
21964,1
21965,1
21966,1
21967,1
21968,1
21969,1
21970,1
21971,1
21972,1
21973,1
21974,1
21975,1
21976,1
21977,1
21978,1
21979,1
21980,1
21981,1
21982,1
21983,1
21984,1
21985,5
21986,3
21987,274
21988,280
21989,280
21990,280
21991,280
21992,280
21993,280
21994,278
21995,280
21996,3
21997,3
21998,3
21999,3
22000,3
22001,3
22002,3
22003,3
22004,3
22005,3
22006,3
22007,3
22008,3
22009,3
22010,3
22011,3
22012,3
22013,5
22014,6
22015,7
22016,6
22017,6
22018,6
22019,6
22020,7
22021,7
22022,6
22023,6
22024,6
22025,6
22026,6
22027,5
22028,5
22029,5
22030,5
22031,6
22032,5
22033,8
22034,6
22035,6
22036,5
22037,7
22038,5
22039,5
22040,5
22041,5
22042,6
22043,6
22044,5
22045,6
22046,5
22047,5
22048,5
22049,6
22050,6
22051,6
22052,6
22053,6
22054,6
22055,6
22056,6
22057,6
22058,6
22059,7
22060,7
22061,19
22062,18
22063,17
22064,17
22065,17
22066,18
22067,18
22068,18
22069,18
22070,18
22071,18
22072,18
22073,18
22074,18
22075,18
22076,19
22077,19
22078,18
22079,18
22080,18
22081,18
22082,19
22083,19
22084,19
22085,19
22086,19
22087,17
22088,6
22089,6
22090,6
22091,6
22092,6
22093,7
22094,4
22095,3
22096,3
22097,3
22098,3
22099,3
22100,3
22101,3
22102,3
22103,3
22104,4
22105,4
22106,4
22107,4
22108,4
22109,4
22110,4
22111,4
22112,4
22113,4
22114,4
22115,4
22116,4
22117,4
22118,4
22119,3
22120,3
22121,3
22122,3
22123,3
22124,3
22125,3
22126,3
22127,3
22128,3
22129,3
22130,3
22131,4
22132,3
22133,3
22134,3
22135,3
22136,3
22137,3
22138,3
22139,3
22140,3
22141,3
22142,3
22143,3
22144,3
22145,3
22146,3
22147,3
22148,3
22149,3
22150,3
22151,3
22152,3
22153,3
22154,2
22155,2
22156,2
22157,2
22158,2
22159,2
22160,2
22161,3
22162,2
22163,2
22164,2
22165,2
22166,2
22167,2
22168,3
22169,4
22170,3
22171,3
22172,3
22173,4
22174,4
22175,4
22176,5
22177,3
22178,3
22179,3
22180,3
22181,4
22182,4
22183,5
22184,4
22185,4
22186,4
22187,4
22188,4
22189,4
22190,4
22191,4
22192,4
22193,15
22194,290
22195,274
22196,282
22197,14
22198,13
22199,12
22200,13
22201,12
22202,12
22203,12
22204,257
22205,247
22206,3
22207,5
22208,4
22209,4
22210,4
22211,3
22212,3
22213,3
22214,3
22215,3
22216,4
22217,3
22218,3
22219,5
22220,4
22221,3
22222,3
22223,3
22224,3
22225,3
22226,3
22227,3
22228,4
22229,4
22230,4
22231,4
22232,4
22233,4
22234,5
22235,4
22236,4
22237,4
22238,4
22239,4
22240,4
22241,4
22242,4
22243,4
22244,4
22245,4
22246,5
22247,4
22248,4
22249,4
22250,6
22251,7
22252,7
22253,7
22254,7
22255,7
22256,7
22257,7
22258,7
22259,7
22260,7
22261,7
22262,7
22263,7
22264,7
22265,7
22266,7
22267,7
22268,7
22269,8
22270,8
22271,8
22272,8
22273,7
22274,8
22275,8
22276,8
22277,8
22278,8
22279,8
22280,8
22281,9
22282,9
22283,10
22284,9
22285,9
22286,9
22287,10
22288,9
22289,9
22290,9
22291,4
22292,5
22293,5
22294,4
22295,5
22296,4
22297,4
22298,4
22299,3
22300,3
22301,3
22302,3
22303,3
22304,3
22305,3
22306,3
22307,3
22308,3
22309,3
22310,3
22311,2
22312,2
22313,2
22314,2
22315,2
22316,2
22317,2
22318,1
22319,1
22324,3
22325,4
22326,4
22327,4
22328,4
22329,4
22330,3
22331,4
22332,2
22333,5
22334,2
22335,3
22336,3
22337,2
22338,2
22339,3
22340,2
22341,2
22342,3
22343,2
22344,3
22345,2
22346,2
22347,2
22348,2
22349,2
22350,2
22351,2
22352,2
22353,2
22354,2
22355,2
22356,3
22357,3
22358,2
22359,2
22360,2
22361,3
22362,2
22363,2
22364,2
22365,2
22366,3
22367,2
22368,2
22369,2
22370,2
22371,2
22372,2
22373,2
22374,1
22375,2
22376,1
22377,1
22378,2
22379,1
22380,2
22381,1
22382,1
22383,1
22384,1
22385,1
22386,2
22387,1
22388,1
22389,1
22390,1
22391,1
22392,1
22393,2
22394,1
22395,1
22396,1
22397,1
22398,1
22399,2
22400,1
22401,1
22402,1
22427,1
22443,1
22445,1
22448,1
22459,1
22482,1
22488,1
22538,1
22542,1
22544,1
22545,1
22546,1
22547,1
22548,1
22549,1
22550,1
22551,2
22552,1
22553,1
22554,1
22555,1
22556,1
22557,1
22558,1
22559,1
22560,1
22561,1
22562,1
22563,1
22564,1
22565,1
22566,1
22567,1
22568,1
22569,1
22570,1
22571,1
22572,2
22573,2
22574,1
22575,1
22576,1
22577,1
22578,305
22579,1
22580,1
22581,1
22582,1
22583,1
22584,1
22585,1
22586,1
22587,1
22595,1
22597,1
22598,1
22599,22
22600,2
22601,1
22602,1
22603,1
22604,1
22605,1
22606,1
22607,1
22618,1
22620,1
22624,1
22625,1
22626,1
22627,10
22628,18
22629,18
22630,18
22631,18
22632,18
22633,18
22634,18
22635,18
22636,18
22637,18
22638,18
22639,18
22640,18
22641,18
22642,18
22643,18
22644,18
22645,18
22646,18
22647,18
22648,18
22649,18
22650,18
22651,18
22652,18
22653,18
22654,18
22655,18
22656,18
22657,18
22658,18
22659,18
22660,18
22661,19
22662,18
22663,18
22664,18
22665,18
22666,18
22667,18
22668,18
22669,18
22670,18
22671,18
22672,18
22673,294
22674,294
22675,19
22676,18
22677,18
22678,18
22679,294
22680,18
22681,18
22682,18
22683,18
22684,18
22685,18
22686,287
22687,18
22688,18
22689,19
22690,19
22691,19
22692,19
22693,19
22694,19
22695,19
22696,19
22697,19
22698,19
22699,19
22700,19
22701,19
22702,19
22703,19
22704,19
22705,19
22706,19
22707,19
22708,19
22709,19
22710,19
22711,19
22712,19
22713,19
22714,19
22715,19
22716,19
22717,19
22718,19
22719,19
22720,19
22721,18
22722,18
22723,18
22724,18
22725,18
22726,18
22727,18
22728,18
22729,18
22730,18
22731,18
22732,19
22733,19
22734,19
22735,19
22736,19
22737,19
22738,19
22739,20
22740,20
22741,20
22742,20
22743,20
22744,20
22745,20
22746,20
22747,19
22748,19
22749,19
22750,19
22751,19
22752,20
22753,19
22754,19
22755,19
22756,20
22757,20
22758,20
22759,20
22760,20
22761,20
22762,20
22763,20
22764,20
22765,20
22766,20
22767,20
22768,20
22769,20
22770,20
22771,20
22772,20
22773,19
22774,20
22775,19
22776,19
22777,19
22778,19
22779,19
22780,19
22781,19
22782,19
22783,19
22784,20
22785,20
22786,20
22787,20
22788,20
22789,20
22790,20
22791,20
22792,20
22793,20
22794,18
22795,18
22796,18
22797,18
22798,27
22799,27
22800,39
22801,51
22802,52
22803,55
22804,57
22805,60
22806,73
22807,75
22808,75
22809,75
22810,75
22811,76
22812,75
22813,265
22814,75
22815,75
22816,76
22817,75
22818,75
22819,75
22820,73
22821,73
22822,56
22823,56
22824,56
22825,57
22826,56
22827,56
22828,56
22829,56
22830,56
22831,56
22832,56
22833,56
22834,56
22835,56
22836,57
22837,56
22838,56
22839,57
22840,57
22841,57
22842,57
22843,57
22844,57
22845,55
22846,55
22847,55
22848,55
22849,55
22850,55
22851,55
22852,55
22853,56
22854,56
22855,56
22856,55
22857,55
22858,56
22859,55
22860,55
22861,55
22862,55
22863,55
22864,55
22865,55
22866,57
22867,57
22868,56
22869,56
22870,57
22871,56
22872,55
22873,56
22874,56
22875,56
22876,56
22877,57
22878,57
22879,57
22880,57
22881,56
22882,267
22883,57
22884,55
22885,55
22886,55
22887,55
22888,55
22889,56
22890,55
22891,55
22892,55
22893,55
22894,55
22895,55
22896,55
22897,55
22898,267
22899,55
22900,55
22901,55
22902,56
22903,56
22904,55
22905,55
22906,55
22907,55
22908,55
22909,55
22910,55
22911,55
22912,55
22913,55
22914,55
22915,56
22916,55
22917,55
22918,54
22919,54
22920,55
22921,54
22922,54
22923,54
22924,54
22925,54
22926,54
22927,54
22928,54
22929,54
22930,54
22931,54
22932,55
22933,54
22934,55
22935,54
22936,54
22937,56
22938,55
22939,55
22940,55
22941,55
22942,55
22943,55
22944,54
22945,49
22946,46
22947,44
22948,37
22949,12
22950,10
22951,6
22952,5
22953,4
22954,4
22955,2
22956,2
22957,2
22958,2
22959,2
22960,2
22961,2
22962,2
22963,3
22964,3
22965,3
22966,2
22967,2
22968,2
22969,3
22970,3
22971,2
22972,2
22973,2
22974,3
22975,2
22976,1
22977,1
22978,1
22979,1
22980,1
22981,1
22982,1
22983,7
22984,9
22985,8
22986,8
22987,9
22988,9
22989,8
22990,8
22991,9
22992,275
22993,10
22994,10
22995,275
22996,9
22997,9
22998,9
22999,9
23000,9
23001,9
23002,9
23003,8
23004,8
23005,8
23006,9
23007,9
23008,9
23009,9
23010,9
23011,9
23012,9
23013,275
23014,9
23015,9
23016,9
23017,9
23018,9
23019,9
23020,10
23021,9
23022,9
23023,9
23024,9
23025,9
23026,9
23027,9
23028,9
23029,9
23030,9
23031,9
23032,9
23033,10
23034,10
23035,10
23036,10
23037,10
23038,10
23039,10
23040,295
23041,10
23042,10
23043,10
23044,10
23045,10
23046,10
23047,11
23048,294
23049,12
23050,12
23051,11
23052,12
23053,12
23054,12
23055,295
23056,12
23057,12
23058,12
23059,12
23060,12
23061,12
23062,12
23063,295
23064,11
23065,12
23066,12
23067,12
23068,12
23069,12
23070,12
23071,12
23072,12
23073,11
23074,11
23075,286
23076,4
23077,5
23078,4
23079,4
23080,4
23081,4
23082,4
23083,4
23084,4
23085,3
23086,3
23087,2
23088,2
23089,2
23090,1
23091,1
23092,1
23093,1
23094,1
23095,1
23096,1
23097,1
23098,1
23099,1
23100,1
23101,1
23102,1
23103,2
23104,3
23105,2
23106,2
23107,2
23108,2
23109,2
23110,2
23111,2
23112,2
23113,2
23114,2
23115,3
23116,2
23117,2
23118,2
23119,2
23120,2
23121,2
23122,2
23123,2
23124,2
23125,2
23126,2
23127,2
23128,2
23129,2
23130,2
23131,2
23132,2
23133,2
23134,2
23135,2
23136,2
23137,2
23138,2
23139,2
23140,2
23141,2
23142,2
23143,2
23144,3
23161,1
23169,1
23171,1
23173,1
23181,1
23183,1
23202,308
23231,1
23403,309
23501,1
23525,309
23554,1
23577,1
23592,1
23599,294
23604,294
23613,1
23614,1
23615,1
23616,1
23617,1
23618,1
23619,1
23621,1
23622,1
23623,1
23624,1
23625,1
23626,1
23627,1
23628,1
23629,1
23630,3
23631,8
23632,7
23633,7
23634,7
23635,7
23636,8
23637,8
23638,9
23639,9
23640,8
23641,9
23642,8
23643,9
23644,9
23645,10
23646,10
23647,9
23648,9
23649,8
23650,8
23651,8
23652,8
23653,8
23654,8
23655,8
23656,8
23657,8
23658,8
23659,8
23660,7
23661,8
23662,8
23663,8
23664,13
23665,8
23666,8
23667,8
23668,8
23669,8
23670,8
23671,8
23672,8
23673,8
23674,8
23675,10
23676,10
23677,10
23678,10
23679,10
23680,10
23681,10
23682,10
23683,10
23684,10
23685,10
23686,10
23687,10
23688,10
23689,10
23690,10
23691,10
23692,8
23693,8
23694,8
23695,8
23696,8
23697,8
23698,8
23699,8
23700,8
23701,8
23702,8
23703,8
23704,8
23705,8
23706,8
23707,8
23708,8
23709,8
23710,8
23711,8
23712,8
23713,8
23714,8
23715,9
23716,9
23717,9
23718,8
23719,8
23720,8
23721,8
23722,8
23723,8
23724,7
23725,7
23726,7
23727,9
23728,9
23729,9
23730,9
23731,9
23732,9
23733,8
23734,8
23735,8
23736,8
23737,8
23738,8
23739,8
23740,8
23741,8
23742,8
23743,10
23744,10
23745,11
23746,11
23747,11
23748,11
23749,10
23750,10
23751,10
23752,10
23753,10
23754,10
23755,8
23756,8
23757,8
23758,9
23759,10
23760,10
23761,9
23762,9
23763,8
23764,10
23765,10
23766,10
23767,10
23768,10
23769,10
23770,9
23771,9
23772,9
23773,10
23774,10
23775,15
23776,15
23777,15
23778,15
23779,16
23780,16
23781,16
23782,15
23783,15
23784,15
23785,15
23786,15
23787,16
23788,16
23789,16
23790,16
23791,17
23792,17
23793,17
23794,18
23795,18
23796,18
23797,18
23798,18
23799,18
23800,18
23801,18
23802,18
23803,18
23804,18
23805,18
23806,18
23807,18
23808,19
23809,19
23810,20
23811,20
23812,20
23813,20
23814,19
23815,19
23816,19
23817,19
23818,19
23819,19
23820,19
23821,19
23822,20
23823,21
23824,21
23825,21
23826,22
23827,22
23828,22
23829,22
23830,22
23831,22
23832,22
23833,22
23834,22
23835,23
23836,26
23837,24
23838,26
23839,25
23840,26
23841,26
23842,26
23843,26
23844,26
23845,26
23846,26
23847,26
23848,25
23849,26
23850,26
23851,26
23852,26
23853,25
23854,256
23855,24
23856,22
23857,20
23858,20
23859,10
23860,10
23861,10
23862,10
23863,7
23864,7
23865,7
23866,7
23867,7
23868,7
23869,7
23870,7
23871,7
23872,7
23873,7
23874,7
23875,7
23876,6
23877,1
23878,1
23900,1
23901,1
23948,303
24067,1
24096,1
24130,304
24213,1
24239,1
24240,1
24243,1
24244,1
24245,1
24290,1
24410,2
24424,304
24458,1
24459,2
24460,2
24461,2
24462,2
24463,2
24464,2
24465,1
24466,1
24467,1
24468,1
24469,299
24470,1
24471,1
24472,1
24473,1
24474,1
24475,1
24476,1
24477,1
24478,1
24479,1
24480,1
24481,1
24482,1
24483,1
24484,1
24485,1
24486,1
24487,1
24488,1
24489,1
24490,1
24491,1
24492,1
24493,1
24494,1
24495,1
24496,1
24497,1
24498,1
24499,1
24500,1
24501,1
24502,1
24503,300
24504,1
24505,1
24506,1
24507,1
24508,1
24509,1
24510,1
24511,1
24512,1
24513,1
24514,1
24515,1
24516,1
24517,1
24518,1
24519,1
24520,1
24521,1
24522,1
24523,1
24524,1
24525,1
24526,1
24527,1
24528,1
24529,1
24530,2
24531,2
24532,2
24533,2
24534,2
24535,2
24536,2
24537,2
24538,2
24539,2
24540,2
24541,2
24542,2
24543,2
24544,2
24545,2
24546,1
24547,1
24548,1
24549,1
24550,1
24551,1
24552,1
24553,1
24554,1
24555,1
24556,1
24557,1
24577,2
24673,1
24686,1
24687,1
24688,1
24689,1
24690,1
24691,1
24692,1
24693,1
24694,1
24695,1
24696,1
24697,1
24698,1
24699,1
24700,1
24701,1
24702,1
24703,1
24704,1
24718,1
24794,1
24949,1
24950,1
24951,1
24952,1
24953,1
24954,1
24955,1
24956,1
24957,1
24958,1
24959,1
24960,1
24961,1
24962,1
24963,1
24964,1
24965,1
24966,1
24967,1
24968,1
24969,1
24970,1
24971,1
24972,1
24973,1
24974,1
24975,1
24976,1
24977,1
24978,1
24979,1
24980,1
24981,1
24982,1
24983,1
24984,1
24985,1
24986,1
24987,1
24988,1
24989,1
24990,1
24991,1
24992,1
24993,1
24994,1
24995,1
24996,1
24997,1
24998,1
24999,1
25000,308
25001,1
25002,1
25003,1
25004,1
25005,1
25006,1
25007,1
25008,1
25009,1
25010,1
25011,1
25012,1
25013,1
25014,1
25015,1
25016,1
25017,1
25018,1
25019,1
25020,1
25021,1
25022,1
25023,1
25024,1
25025,1
25026,1
25027,1
25028,1
25029,1
25030,1
25031,1
25032,1
25033,1
25034,1
25035,1
25036,1
25037,1
25038,1
25039,1
25040,1
25041,1
25042,1
25043,1
25044,1
25045,1
25046,1
25047,1
25048,1
25049,1
25050,1
25051,1
25052,1
25053,1
25054,1
25055,1
25056,1
25057,2
25058,1
25059,1
25060,1
25061,1
25062,1
25063,1
25064,1
25065,1
25066,1
25067,1
25068,1
25069,1
25070,1
25071,1
25072,1
25073,1
25074,1
25075,1
25076,1
25077,1
25078,1
25079,1
25080,1
25081,1
25082,1
25083,1
25084,1
25085,1
25086,1
25087,1
25088,1
25089,1
25090,1
25091,1
25092,1
25093,1
25094,1
25095,1
25096,1
25097,1
25098,1
25099,1
25100,1
25101,2
25102,1
25103,1
25104,1
25105,1
25126,1
25153,1
25157,1
25158,1
25159,1
25160,1
25161,1
25162,1
25163,1
25164,1
25165,1
25166,1
25167,1
25168,1
25169,1
25170,1
25171,1
25172,1
25173,1
25174,1
25175,1
25176,1
25177,1
25178,1
25179,1
25180,1
25181,1
25182,1
25183,1
25184,1
25185,1
25186,1
25187,1
25188,1
25189,1
25190,1
25191,1
25192,1
25193,1
25194,1
25195,1
25196,1
25197,1
25198,1
25199,1
25200,1
25201,1
25202,1
25203,1
25204,1
25205,1
25206,1
25207,1
25208,1
25209,1
25210,1
25211,1
25212,1
25213,1
25214,1
25215,1
25216,1
25217,1
25218,1
25219,1
25220,1
25221,1
25222,1
25223,1
25224,1
25225,1
25226,1
25227,1
25228,1
25229,1
25230,1
25231,1
25232,1
25233,1
25234,1
25235,1
25236,1
25237,1
25238,1
25239,1
25240,1
25241,1
25242,1
25243,1
25244,1
25245,1
25246,1
25247,1
25248,1
25249,1
25250,1
25251,1
25252,1
25253,1
25254,1
25255,1
25256,1
25257,1
25258,1
25259,1
25260,1
25261,1
25262,1
25263,1
25264,1
25265,1
25266,1
25267,1
25268,1
25269,1
25270,1
25271,1
25272,1
25273,1
25274,1
25275,1
25276,1
25277,1
25278,1
25279,1
25280,1
25281,1
25282,1
25283,1
25284,1
25285,1
25286,1
25287,1
25288,1
25289,1
25290,1
25291,1
25292,1
25293,1
25294,1
25295,1
25296,1
25297,1
25298,1
25299,1
25300,1
25301,1
25363,2
25364,2
25365,2
25366,2
25367,2
25368,2
25369,2
25370,2
25371,2
25510,2
25515,2
25521,1
25522,1
25572,1
25584,302
25588,1
25648,1
25708,7
25709,1
25716,1
25723,1
25726,1
25727,1
25730,1
25734,1
25736,1
25742,1
25772,1
25798,1
25816,1
25855,3
25876,1
25907,1
25908,1
25909,1
25910,1
25911,1
25912,2
25913,1
25914,1
25915,1
25916,1
25917,1
25918,1
25919,1
25920,1
25921,1
25922,1
25923,1
25924,1
25969,1
25970,1
25971,1
25972,1
25973,1
25974,1
25975,1
25976,1
25977,1
25978,1
25979,1
25980,1
25981,1
25982,1
25983,1
25984,1
25985,1
25986,1
25987,1
25988,1
25989,1
25990,1
25991,1
25992,1
25993,1
25994,1
25995,1
25996,1
25997,1
25998,1
25999,1
26000,1
26001,1
26002,1
26003,1
26004,1
26005,1
26006,1
26007,1
26008,1
26009,1
26010,1
26011,1
26012,1
26013,1
26014,1
26015,1
26016,1
26017,1
26018,1
26019,1
26020,1
26021,1
26022,1
26023,1
26024,1
26025,1
26026,1
26027,1
26028,1
26029,1
26030,1
26031,1
26032,1
26033,1
26034,1
26035,1
26036,1
26037,1
26038,1
26039,1
26040,1
26041,1
26042,1
26043,1
26044,1
26045,1
26046,1
26047,1
26048,1
26049,1
26050,1
26051,1
26052,1
26053,1
26054,1
26055,1
26056,1
26057,1
26058,1
26059,1
26060,1
26061,1
26062,1
26063,1
26064,1
26065,1
26066,1
26067,1
26068,1
26069,1
26070,1
26071,1
26072,1
26073,1
26074,1
26075,1
26076,1
26077,1
26078,1
26079,1
26080,1
26081,1
26082,1
26083,1
26084,1
26085,1
26094,1
26187,1
26188,1
26189,1
26190,1
26191,1
26192,1
26193,1
26194,1
26195,1
26196,1
26197,1
26198,1
26199,1
26200,1
26201,1
26202,1
26203,1
26204,1
26205,1
26206,2
26207,2
26208,2
26209,2
26210,2
26211,2
26212,2
26213,2
26214,2
26215,2
26216,2
26217,2
26218,2
26219,2
26220,1
26221,1
26222,1
26223,1
26224,1
26225,1
26226,1
26227,1
26228,1
26229,1
26230,1
26270,303
26339,1
26340,2
26341,1
26342,1
26343,1
26344,1
26345,1
26346,1
26347,1
26348,1
26349,1
26350,1
26351,1
26352,1
26353,1
26354,1
26355,1
26356,2
26357,2
26358,2
26359,2
26360,2
26361,2
26362,3
26363,3
26364,3
26365,3
26366,3
26367,3
26368,3
26369,3
26370,3
26371,3
26372,3
26373,3
26374,3
26375,3
26376,4
26377,3
26378,3
26379,3
26380,3
26381,3
26382,3
26383,3
26384,3
26385,3
26386,3
26387,3
26388,3
26389,3
26390,3
26391,3
26392,3
26393,3
26394,3
26395,3
26396,3
26397,3
26398,3
26399,3
26400,4
26401,3
26402,3
26403,3
26404,3
26405,3
26406,3
26407,4
26408,4
26409,5
26410,5
26411,4
26412,4
26413,4
26414,4
26415,3
26416,2
26417,2
26418,2
26419,2
26420,2
26421,3
26422,3
26423,2
26424,3
26425,3
26426,3
26427,3
26428,3
26429,3
26430,3
26431,4
26432,3
26433,3
26434,3
26435,3
26436,3
26437,3
26438,3
26439,3
26440,3
26441,4
26442,4
26443,4
26444,4
26445,4
26446,4
26447,4
26448,4
26449,4
26450,4
26451,4
26452,4
26453,4
26454,4
26455,3
26456,3
26457,3
26458,3
26459,3
26460,3
26461,3
26462,3
26463,3
26464,3
26465,3
26466,3
26467,3
26468,2
26469,2
26470,2
26471,2
26472,2
26473,2
26474,2
26475,2
26476,2
26477,2
26478,2
26479,2
26480,2
26481,2
26482,2
26483,2
26484,2
26485,2
26486,2
26487,2
26488,2
26489,2
26490,2
26491,2
26492,2
26493,2
26494,2
26495,2
26496,2
26497,2
26498,2
26499,2
26500,2
26501,2
26502,2
26503,2
26504,2
26505,3
26506,2
26507,2
26508,2
26509,2
26510,2
26511,2
26512,2
26513,2
26514,2
26515,2
26516,2
26517,2
26518,2
26519,2
26520,2
26521,2
26522,2
26523,2
26524,2
26525,2
26526,2
26527,2
26528,2
26529,2
26530,300
26531,2
26532,2
26533,2
26534,2
26535,2
26536,3
26537,3
26538,3
26539,3
26540,3
26541,3
26542,2
26543,2
26544,2
26545,2
26546,2
26547,2
26548,2
26549,2
26550,2
26551,2
26552,2
26553,2
26554,2
26555,2
26556,2
26557,2
26558,2
26559,2
26560,2
26561,2
26562,2
26563,2
26564,2
26565,2
26566,2
26567,2
26568,2
26569,2
26570,2
26571,2
26572,2
26573,2
26574,2
26575,2
26576,2
26577,302
26578,2
26579,2
26580,2
26581,2
26582,2
26583,2
26584,2
26585,2
26586,2
26587,2
26588,1
26589,1
26590,1
26591,1
26592,1
26593,1
26594,1
26606,1
26607,1
26608,1
26609,1
26610,1
26611,1
26612,1
26613,1
26614,1
26615,1
26616,1
26617,1
26618,1
26619,1
26620,1
26621,1
26622,1
26623,1
26624,1
26625,1
26626,2
26627,12
26628,12
26629,13
26630,11
26631,12
26632,7
26633,7
26634,7
26635,7
26636,7
26637,7
26638,7
26639,4
26640,1
26641,1
26642,1
26643,1
26644,1
26645,1
26646,1
26647,1
26648,2
26649,2
26650,2
26651,2
26652,1
26653,1
26654,2
26655,2
26656,2
26657,3
26658,3
26659,3
26660,3
26661,3
26662,3
26663,3
26664,3
26665,3
26666,3
26667,3
26668,3
26669,3
26670,3
26671,3
26672,3
26673,3
26674,4
26675,4
26676,4
26677,4
26678,4
26679,4
26680,4
26681,4
26682,4
26683,4
26684,4
26685,4
26686,4
26687,4
26688,3
26689,3
26690,3
26691,3
26692,3
26693,3
26694,3
26695,3
26696,3
26697,3
26698,3
26699,3
26700,3
26701,3
26702,3
26703,3
26704,3
26705,3
26706,3
26707,3
26708,3
26709,300
26710,3
26711,3
26712,3
26713,3
26714,3
26715,3
26716,3
26717,3
26718,3
26719,3
26720,3
26721,3
26722,3
26723,3
26724,3
26725,3
26726,3
26727,3
26728,3
26729,3
26730,2
26731,2
26732,2
26733,2
26734,2
26735,5
26736,2
26737,2
26738,2
26739,2
26740,2
26741,2
26742,2
26743,2
26744,2
26745,2
26746,3
26747,2
26748,2
26749,2
26750,2
26751,2
26752,2
26753,2
26754,2
26755,1
26756,1
26757,1
26758,1
26759,1
26760,1
26761,1
26762,1
26763,1
26764,1
26765,1
26766,1
26767,1
26768,1
26769,1
26770,1
26771,1
26772,1
26773,1
26774,1
26775,1
26776,1
26777,1
26778,1
26779,1
26780,1
26781,1
26782,1
26783,1
26784,1
26819,1
26820,2
26821,2
26822,2
26823,2
26824,2
26825,2
26826,2
26827,2
26828,2
26829,2
26830,2
26831,2
26832,2
26833,2
26834,2
26835,2
26836,2
26837,2
26838,2
26839,2
26840,2
26841,2
26842,2
26843,2
26844,2
26845,2
26846,2
26847,2
26848,2
26849,2
26850,2
26851,2
26852,2
26853,2
26854,2
26855,2
26856,2
26857,2
26858,3
26859,2
26860,2
26861,2
26862,1
26863,1
26864,1
26865,1
26866,1
26867,2
26868,1
26873,1
26879,1
26880,1
26881,1
26882,1
26883,1
26884,1
26885,1
26886,1
26887,1
26888,1
26889,1
26890,3
26891,3
26892,2
26893,2
26894,2
26895,2
26896,2
26897,2
26898,2
26899,2
26900,2
26901,2
26902,2
26903,2
26904,2
26905,2
26906,2
26907,2
26908,2
26909,2
26910,2
26911,2
26912,2
26913,2
26914,2
26915,2
26916,2
26917,2
26918,2
26919,2
26920,2
26921,2
26922,2
26923,2
26924,2
26925,2
26926,2
26927,2
26928,2
26929,2
26930,2
26931,1
26951,2
26957,1
26958,2
26959,2
26960,2
26961,2
26962,2
26963,2
26964,2
26965,2
26966,2
26967,2
26968,2
26969,2
26970,3
26971,3
26972,3
26973,8
26974,8
26975,19
26976,19
26977,19
26978,19
26979,19
26980,20
26981,20
26982,20
26983,20
26984,20
26985,20
26986,19
26987,19
26988,19
26989,19
26990,19
26991,19
26992,19
26993,19
26994,19
26995,19
26996,18
26997,19
26998,19
26999,19
27000,19
27001,18
27002,18
27003,18
27004,18
27005,18
27006,18
27007,18
27008,18
27009,18
27010,18
27011,17
27012,17
27013,17
27014,17
27015,17
27016,17
27017,17
27018,17
27019,20
27020,21
27021,21
27022,21
27023,21
27024,21
27025,21
27026,21
27027,21
27028,21
27029,21
27030,21
27031,20
27032,20
27033,20
27034,20
27035,20
27036,20
27037,20
27038,21
27039,21
27040,21
27041,18
27042,18
27043,18
27044,18
27045,18
27046,18
27047,18
27048,18
27049,18
27050,19
27051,18
27052,18
27053,19
27054,20
27055,20
27056,19
27057,21
27058,21
27059,21
27060,21
27061,21
27062,21
27063,21
27064,21
27065,21
27066,21
27067,21
27068,21
27069,21
27070,21
27071,21
27072,21
27073,22
27074,22
27075,22
27076,23
27077,23
27078,23
27079,23
27080,23
27081,23
27082,23
27083,23
27084,23
27085,23
27086,23
27087,23
27088,23
27089,23
27090,23
27091,23
27092,23
27093,23
27094,23
27095,25
27096,25
27097,25
27098,25
27099,25
27100,25
27101,25
27102,26
27103,26
27104,26
27105,26
27106,26
27107,26
27108,26
27109,26
27110,26
27111,26
27112,26
27113,26
27114,26
27115,26
27116,26
27117,28
27118,28
27119,28
27120,28
27121,28
27122,28
27123,28
27124,28
27125,28
27126,28
27127,27
27128,27
27129,28
27130,28
27131,28
27132,28
27133,28
27134,28
27135,28
27136,28
27137,28
27138,28
27139,28
27140,28
27141,28
27142,28
27143,28
27144,28
27145,28
27146,29
27147,29
27148,29
27149,29
27150,29
27151,29
27152,29
27153,29
27154,27
27155,25
27156,27
27157,27
27158,24
27159,9
27160,4
27161,4
27162,4
27163,5
27164,5
27165,2
27166,2
27167,2
27168,2
27169,2
27170,2
27171,2
27172,2
27173,2
27174,2
27175,2
27176,2
27177,2
27259,309
27384,1
27469,1
27486,1
27511,3
27512,3
27513,3
27514,3
27515,3
27516,3
27517,3
27518,3
27519,3
27520,3
27521,3
27522,3
27523,3
27524,3
27525,3
27526,3
27527,5
27528,3
27529,3
27530,3
27531,3
27532,3
27533,3
27534,3
27535,3
27536,3
27537,2
27538,2
27539,2
27540,2
27541,2
27542,2
27543,2
27544,2
27545,2
27546,2
27547,2
27548,2
27549,2
27550,2
27551,2
27552,2
27553,2
27554,2
27555,2
27556,2
27557,2
27558,2
27559,2
27560,2
27561,2
27562,2
27563,2
27564,2
27565,2
27566,2
27567,2
27568,2
27569,2
27570,2
27571,2
27572,2
27573,2
27574,2
27575,2
27576,2
27577,2
27578,2
27579,2
27580,2
27581,2
27582,1
27583,2
27584,1
27585,1
27586,1
27587,1
27588,1
27589,1
27590,1
27591,1
27592,2
27593,2
27594,2
27595,2
27596,2
27597,2
27598,2
27599,2
27600,2
27601,2
27602,2
27603,2
27604,2
27605,2
27606,2
27607,2
27608,2
27609,2
27610,2
27611,2
27612,2
27613,2
27614,2
27615,2
27616,2
27617,2
27618,2
27619,1
27620,1
27621,2
27622,2
27623,2
27624,2
27625,2
27626,2
27627,2
27628,2
27629,2
27630,2
27631,2
27632,2
27633,2
27634,2
27635,2
27636,2
27637,2
27638,2
27639,2
27640,2
27641,2
27642,2
27643,2
27644,2
27645,2
27646,2
27647,2
27648,3
27649,3
27650,3
27651,3
27652,1
27653,1
27654,1
27655,1
27656,1
27657,1
27658,1
27673,1
27695,1
27696,1
27697,1
27698,1
27699,1
27700,1
27701,1
27702,1
27703,1
27704,1
27705,1
27706,1
27707,1
27708,1
27709,1
27710,1
27711,1
27712,1
27713,1
27714,1
27715,1
27716,1
27717,1
27718,1
27719,1
27720,1
27721,2
27722,2
27723,2
27724,1
27725,1
27726,2
27727,1
27728,1
27729,1
27730,1
27739,1
27740,1
27741,1
27742,1
27743,1
27744,1
27745,1
27746,1
27747,1
27748,1
27749,1
27750,1
27751,1
27752,1
27753,2
27754,2
27755,2
27756,2
27757,2
27758,2
27759,3
27760,3
27761,3
27762,13
27763,3
27764,3
27765,3
27766,3
27767,2
27768,2
27769,2
27770,2
27771,2
27772,2
27773,2
27774,2
27775,2
27776,2
27777,2
27778,2
27779,2
27780,2
27781,2
27782,2
27783,2
27784,2
27785,2
27786,2
27787,2
27788,2
27789,2
27790,2
27791,2
27792,3
27793,2
27794,2
27795,3
27796,3
27797,3
27798,3
27799,6
27800,6
27801,6
27802,6
27803,6
27804,6
27805,7
27806,7
27807,277
27808,7
27809,3
27810,3
27811,2
27812,2
27813,4
27814,4
27815,2
27816,3
27817,2
27818,2
27819,2
27820,2
27821,2
27822,2
27823,3
27824,2
27825,6
27826,9
27827,9
27828,9
27829,8
27830,8
27831,8
27832,8
27833,7
27834,7
27835,7
27836,7
27837,7
27838,7
27839,7
27840,7
27841,7
27842,7
27843,8
27844,8
27845,7
27846,8
27847,7
27848,8
27849,7
27850,7
27851,8
27852,6
27853,6
27854,7
27855,7
27856,8
27857,6
27858,7
27859,6
27860,6
27861,6
27862,5
27863,6
27864,6
27865,5
27866,6
27867,5
27868,6
27869,5
27870,5
27871,4
27872,4
27873,10
27874,16
27875,10
27876,10
27877,11
27878,12
27879,12
27880,12
27881,12
27882,12
27883,12
27884,10
27885,10
27886,10
27887,9
27888,9
27889,9
27890,9
27891,8
27892,8
27893,8
27894,8
27895,7
27896,8
27897,7
27898,7
27899,7
27900,7
27901,7
27902,8
27903,8
27904,8
27905,7
27906,7
27907,7
27908,7
27909,6
27910,6
27911,6
27912,6
27913,6
27914,6
27915,6
27916,6
27917,6
27918,6
27919,5
27920,5
27921,4
27922,3
27923,3
27924,3
27925,3
27926,3
27927,4
27928,3
27929,3
27930,3
27931,3
27932,3
27933,3
27934,3
27935,3
27936,3
27937,3
27938,3
27939,4
27940,3
27941,3
27942,3
27943,3
27944,2
27945,2
27946,2
27947,2
27948,2
27949,2
27950,2
27951,2
27952,2
27953,2
27954,2
27955,2
27956,2
27957,2
27958,3
27959,2
27960,2
27961,2
27962,2
27963,4
27964,3
27965,3
27966,2
27967,2
27968,2
27969,2
27970,2
27971,2
27972,2
27973,2
27974,1
27975,2
27976,2
27977,2
27978,2
27979,2
27980,2
27981,3
27982,2
27983,2
27984,2
27985,2
27986,2
27987,2
27988,3
27989,3
27990,3
27991,3
27992,3
27993,3
27994,3
27995,3
27996,3
27997,4
27998,3
27999,3
28000,3
28001,3
28002,2
28003,2
28004,2
28005,3
28006,4
28007,3
28008,3
28009,2
28010,2
28011,3
28012,2
28013,2
28014,2
28015,2
28016,2
28017,3
28018,2
28019,2
28020,2
28021,2
28022,2
28023,2
28024,2
28025,2
28026,3
28027,2
28028,3
28029,1
28030,1
28031,1
28033,1
28035,1
28036,1
28045,1
28047,1
28048,1
28049,1
28050,1
28051,1
28052,1
28053,1
28054,2
28055,1
28056,1
28057,2
28058,1
28059,1
28060,1
28061,1
28062,1
28063,1
28064,2
28065,1
28066,1
28067,1
28068,1
28069,1
28070,1
28071,1
28072,1
28073,3
28074,1
28075,1
28076,2
28077,1
28078,1
28079,1
28080,1
28081,3
28082,2
28083,3
28084,3
28085,4
28086,3
28087,3
28088,4
28089,3
28090,3
28091,5
28092,3
28093,3
28094,3
28095,4
28096,3
28097,3
28098,3
28099,4
28100,3
28101,5
28102,5
28103,6
28104,4
28105,2
28106,2
28107,2
28108,2
28109,2
28110,2
28111,2
28112,2
28113,2
28114,2
28115,2
28116,2
28117,2
28118,2
28119,2
28120,2
28121,2
28122,2
28123,2
28124,2
28125,2
28126,2
28127,2
28128,2
28129,2
28130,2
28131,2
28132,2
28133,2
28134,2
28135,2
28136,2
28137,2
28138,2
28139,2
28140,3
28141,2
28142,2
28143,2
28144,2
28145,2
28146,2
28147,2
28148,3
28149,2
28150,2
28151,2
28152,2
28153,2
28154,2
28155,2
28156,2
28157,2
28158,2
28159,2
28160,2
28161,2
28162,2
28163,2
28164,2
28165,2
28166,2
28167,2
28168,2
28169,2
28170,2
28171,2
28172,2
28173,2
28174,2
28175,2
28176,2
28177,2
28178,2
28179,2
28180,2
28181,2
28182,2
28183,2
28184,2
28185,2
28186,2
28187,2
28188,2
28189,2
28190,2
28191,2
28192,2
28193,2
28194,2
28195,2
28196,2
28197,2
28198,2
28199,2
28200,2
28201,2
28202,2
28203,2
28204,2
28205,2
28206,2
28207,1
28208,1
28209,1
28210,1
28211,1
28212,1
28213,1
28214,1
28215,1
28216,1
28217,1
28218,1
28219,1
28220,1
28221,1
28222,1
28223,1
28224,1
28225,1
28226,1
28227,1
28228,1
28229,1
28230,1
28231,1
28232,1
28233,1
28234,1
28235,1
28236,1
28237,1
28238,1
28239,1
28240,1
28241,1
28242,1
28243,1
28244,1
28245,1
28248,3
28249,3
28250,3
28251,3
28252,3
28253,3
28271,234
28291,13
28311,248
28313,1
28343,1
28344,1
28345,1
28346,1
28347,1
28348,1
28349,1
28350,1
28351,1
28352,1
28353,1
28354,1
28355,1
28356,1
28357,1
28358,1
28359,1
28360,1
28361,2
28362,252
28363,253
28364,253
28365,253
28366,253
28367,253
28368,253
28369,253
28370,253
28371,2
28372,1
28373,1
28374,1
28375,1
28376,1
28377,1
28378,2
28379,1
28380,1
28381,1
28382,1
28383,1
28384,1
28385,1
28386,1
28387,1
28388,1
28389,1
28390,1
28391,1
28392,1
28393,1
28394,1
28395,1
28396,1
28397,1
28398,1
28399,1
28400,1
28401,1
28402,1
28403,1
28404,1
28405,1
28406,1
28407,1
28408,1
28409,1
28410,1
28411,1
28412,1
28413,1
28414,1
28415,1
28416,1
28417,1
28418,1
28419,1
28420,1
28421,1
28422,1
28423,1
28424,1
28425,1
28426,1
28427,1
28428,1
28429,1
28430,1
28431,1
28432,1
28433,1
28434,1
28435,1
28436,1
28437,1
28438,1
28439,1
28440,1
28441,1
28442,2
28443,1
28444,1
28445,1
28446,1
28447,1
28448,1
28449,1
28450,1
28451,1
28452,1
28453,1
28454,1
28455,1
28456,1
28457,1
28458,1
28459,1
28460,1
28461,5
28462,1
28463,2
28464,2
28465,2
28466,3
28467,3
28468,3
28469,3
28470,3
28471,3
28472,3
28473,3
28474,3
28475,3
28476,3
28477,9
28478,10
28479,10
28480,10
28481,10
28482,10
28483,10
28484,10
28485,10
28486,10
28487,10
28488,10
28489,10
28490,10
28491,10
28492,9
28493,9
28494,9
28495,9
28496,1
28497,1
28498,1
28499,1
28500,1
28501,1
28502,1
28503,1
28504,2
28505,2
28506,2
28507,2
28508,2
28509,2
28510,2
28511,2
28512,2
28513,2
28514,1
28515,1
28516,1
28517,1
28518,1
28519,1
28520,1
28521,1
28522,1
28523,1
28524,1
28525,1
28526,1
28527,1
28528,1
28529,1
28530,1
28531,1
28532,1
28533,1
28534,1
28567,1
28568,1
28569,1
28570,1
28571,1
28572,1
28573,1
28574,1
28575,1
28576,1
28577,1
28578,1
28579,1
28580,1
28581,1
28582,1
28583,1
28584,1
28585,1
28586,1
28587,1
28588,1
28589,1
28590,1
28591,1
28592,1
28593,1
28594,1
28595,1
28596,1
28597,1
28598,1
28599,1
28600,1
28601,1
28602,1
28603,1
28604,1
28605,1
28606,1
28607,1
28608,1
28609,1
28610,1
28611,1
28612,1
28613,1
28614,1
28615,1
28616,1
28617,1
28618,1
28619,1
28620,1
28621,1
28622,1
28623,1
28624,1
28625,1
28626,1
28627,1
28628,1
28629,1
28630,1
28631,1
28632,2
28633,2
28634,2
28635,4
28636,4
28637,4
28638,4
28639,5
28640,4
28641,4
28642,4
28643,4
28644,4
28645,4
28646,4
28647,4
28648,4
28649,4
28650,4
28651,4
28652,4
28653,4
28654,4
28655,4
28656,4
28657,4
28658,4
28659,4
28660,4
28661,4
28662,4
28663,4
28664,4
28665,4
28666,4
28667,4
28668,4
28669,4
28670,4
28671,4
28672,4
28673,4
28674,4
28675,4
28676,4
28677,4
28678,4
28679,4
28680,4
28681,4
28682,2
28683,1
28723,1
28726,1
28731,1
28740,1
28743,1
28744,1
28754,1
28756,1
28757,1
28758,1
28759,2
28760,2
28761,1
28762,2
28763,2
28764,1
28765,1
28766,1
28767,1
28768,1
28769,1
28770,1
28771,1
28772,1
28773,1
28774,1
28775,1
28776,1
28777,1
28778,1
28779,1
28780,1
28781,1
28782,1
28783,1
28784,1
28785,2
28786,1
28787,1
28788,1
28789,1
28790,1
28791,1
28792,1
28793,1
28794,1
28795,1
28796,1
28797,1
28798,1
28799,1
28800,1
28801,1
28802,1
28803,1
28804,1
28805,1
28806,1
28807,1
28808,1
28809,1
28810,1
28811,1
28812,2
28813,1
28814,1
28815,1
28816,1
28817,1
28818,1
28819,1
28820,1
28821,1
28822,1
28823,1
28824,1
28825,1
28826,1
28827,2
28828,2
28829,1
28830,2
28831,1
28832,1
28833,1
28834,2
28835,1
28836,1
28837,1
28838,1
28839,2
28840,1
28841,2
28842,2
28843,1
28844,1
28845,1
28846,1
28847,1
28848,1
28849,1
28850,1
28851,1
28852,1
28853,1
28854,1
28855,1
28856,1
28857,1
28858,1
28859,1
28860,1
28861,1
28862,1
28863,3
28864,1
28865,1
28866,1
28867,2
28868,1
28869,2
28870,1
28871,1
28872,1
28873,1
28874,1
28875,1
28876,1
28877,1
28878,1
28879,2
28880,1
28881,308
28882,307
28883,307
28884,1
28885,1
28888,1
28894,1
28897,1
28898,1
28906,1
28907,1
28913,1
28915,1
28916,4
28918,1
28919,1
28922,1
28939,1
28969,1
28970,1
28971,1
28972,1
28973,1
28978,1
28979,2
28980,1
28981,1
28982,1
28983,1
28984,1
28985,1
28986,1
28987,1
28988,1
28989,2
28990,2
28991,2
28992,2
28993,2
28994,2
28995,2
28996,2
28997,2
28998,2
28999,2
29000,2
29001,2
29002,2
29003,2
29004,2
29005,2
29006,2
29007,2
29052,1
29095,1
29109,3
29205,1
29219,1
29272,1
29281,1
29295,1
29301,6
29309,1
29323,1
29324,1
29325,1
29326,1
29327,1
29328,1
29329,1
29330,1
29331,1
29332,1
29356,1
29357,1
29366,1
29378,1
29387,1
29518,1
29605,1
29606,1
29607,1
29608,1
29609,1
29610,1
29611,1
29612,1
29613,1
29614,1
29615,1
29616,1
29617,1
29618,1
29619,1
29620,1
29621,1
29622,1
29623,1
29624,1
29625,1
29626,1
29627,3
29628,1
29629,1
29630,1
29631,1
29632,1
29633,1
29634,1
29635,1
29636,1
29637,1
29638,1
29639,1
29640,1
29641,1
29642,1
29643,1
29644,1
29691,1
29692,1
29693,1
29694,1
29695,1
29700,1
29703,1
29705,1
29712,1
29713,1
29714,1
29715,2
29716,2
29717,1
29718,1
29719,1
29720,1
29721,1
29722,1
29723,1
29724,1
29725,1
29726,1
29727,1
29728,2
29729,1
29730,1
29731,1
29732,1
29733,1
29734,1
29735,1
29736,1
29737,2
29738,1
29739,2
29740,2
29741,1
29742,2
29743,1
29748,1
29750,1
29801,1
29818,1
29821,1
29838,1
29839,1
29840,1
29841,2
29842,4
29843,4
29844,4
29845,4
29846,4
29847,6
29848,23
29849,31
29850,33
29851,33
29852,37
29853,37
29854,37
29855,39
29856,39
29857,40
29858,40
29859,40
29860,40
29861,40
29862,40
29863,40
29864,40
29865,40
29866,40
29867,39
29868,38
29869,30
29870,15
29871,8
29872,7
29873,6
29874,3
29875,1
